Date,Price,Open,High,Low,Change %
"Mar 02, 2015",95.46,95.38,95.51,95.06,0.15%
"Mar 03, 2015",95.38,95.5,95.57,95.1,-0.08%
"Mar 04, 2015",95.97,95.39,96.06,95.32,0.62%
"Mar 05, 2015",96.38,95.95,96.59,95.84,0.43%
"Mar 06, 2015",97.61,96.35,97.73,96.3,1.28%
"Mar 09, 2015",97.59,97.8,97.78,97.29,-0.02%
"Mar 10, 2015",98.62,97.73,98.81,97.78,1.06%
"Mar 11, 2015",99.8,98.64,99.98,98.49,1.20%
"Mar 12, 2015",99.44,99.68,100.06,98.65,-0.36%
"Mar 13, 2015",100.33,99.21,100.39,99.2,0.90%
"Mar 16, 2015",99.6,100.32,100.27,99.32,-0.73%
"Mar 17, 2015",99.58,99.68,99.83,99.23,-0.02%
"Mar 18, 2015",98.55,99.63,99.8,96.63,-1.03%
"Mar 19, 2015",99.26,97.81,99.46,97.21,0.72%
"Mar 20, 2015",97.91,99.07,99.12,97.45,-1.36%
"Mar 23, 2015",97.03,97.65,98.24,96.83,-0.90%
"Mar 24, 2015",97.19,96.92,97.38,96.39,0.16%
"Mar 25, 2015",96.98,97.22,97.3,96.54,-0.22%
"Mar 26, 2015",97.44,96.9,97.55,96.17,0.47%
"Mar 27, 2015",97.29,97.38,97.92,96.99,-0.15%
"Mar 30, 2015",97.97,97.37,98.07,97.42,0.70%
"Mar 31, 2015",98.36,97.92,98.67,97.83,0.40%
"Apr 01, 2015",98.19,98.42,98.64,97.98,-0.17%
"Apr 02, 2015",97.44,98.18,98.28,97.33,-0.76%
"Apr 03, 2015",96.55,97.56,97.61,96.39,-0.91%
"Apr 06, 2015",96.78,96.59,97.24,96.33,0.24%
"Apr 07, 2015",97.83,97.05,98.02,96.93,1.08%
"Apr 08, 2015",97.94,97.86,98.2,97.25,0.11%
"Apr 09, 2015",99.16,98.04,99.18,98.04,1.25%
"Apr 10, 2015",99.34,98.97,99.69,98.84,0.18%
"Apr 13, 2015",99.49,99.47,99.99,99.23,0.15%
"Apr 14, 2015",98.73,99.46,99.7,98.37,-0.76%
"Apr 15, 2015",98.32,98.79,99.36,98.22,-0.42%
"Apr 16, 2015",97.42,98.39,98.72,97.28,-0.92%
"Apr 17, 2015",97.52,97.65,97.82,97,0.10%
"Apr 20, 2015",97.94,97.34,98.07,97.33,0.43%
"Apr 21, 2015",98,97.95,98.45,97.64,0.06%
"Apr 22, 2015",97.93,97.95,98.12,97.43,-0.07%
"Apr 23, 2015",97.28,98.05,98.42,97.14,-0.66%
"Apr 24, 2015",96.92,97.33,97.56,96.75,-0.37%
"Apr 27, 2015",96.77,96.95,97.28,96.47,-0.15%
"Apr 28, 2015",96.09,96.79,96.93,96.01,-0.70%
"Apr 29, 2015",95.21,96.12,96.18,94.68,-0.92%
"Apr 30, 2015",94.6,95.2,95.45,94.4,-0.64%
"May 01, 2015",95.3,94.83,95.4,94.5,0.74%
"May 04, 2015",95.48,95.25,95.64,95.04,0.19%
"May 05, 2015",95.08,95.44,95.95,94.88,-0.42%
"May 06, 2015",94.09,95.18,95.22,93.88,-1.04%
"May 07, 2015",94.64,94.11,94.83,93.89,0.58%
"May 08, 2015",94.79,94.64,95.06,94.32,0.16%
"May 11, 2015",95.01,94.79,95.26,94.8,0.23%
"May 12, 2015",94.53,95.06,95.16,94.24,-0.51%
"May 13, 2015",93.62,94.55,94.59,93.46,-0.96%
"May 14, 2015",93.46,93.64,93.76,93.13,-0.17%
"May 15, 2015",93.14,93.41,94.03,93.14,-0.34%
"May 18, 2015",94.22,93.23,94.27,93.27,1.16%
"May 19, 2015",95.27,94.12,95.47,94.09,1.11%
"May 20, 2015",95.45,95.31,95.84,95.26,0.19%
"May 21, 2015",95.25,95.59,95.65,94.97,-0.21%
"May 22, 2015",96.11,95.4,96.27,94.82,0.90%
"May 25, 2015",96.01,96.23,96.47,96.17,-0.10%
"May 26, 2015",97.3,96.39,97.36,96.45,1.34%
"May 27, 2015",97.37,97.22,97.78,96.89,0.07%
"May 28, 2015",96.97,97.26,97.63,96.86,-0.41%
"May 29, 2015",96.91,96.89,97.19,96.75,-0.06%
"Jun 01, 2015",97.39,96.9,97.68,96.93,0.50%
"Jun 02, 2015",95.83,97.43,97.53,95.67,-1.60%
"Jun 03, 2015",95.47,95.94,96.51,95.21,-0.38%
"Jun 04, 2015",95.46,95.42,95.62,94.65,-0.01%
"Jun 05, 2015",96.31,95.76,96.91,95.36,0.89%
"Jun 08, 2015",95.3,96.47,96.55,95.05,-1.05%
"Jun 09, 2015",95.17,95.26,95.58,94.84,-0.14%
"Jun 10, 2015",94.65,95.14,95.23,94.32,-0.55%
"Jun 11, 2015",94.98,94.7,95.59,94.71,0.35%
"Jun 12, 2015",94.97,95.09,95.68,94.69,-0.01%
"Jun 15, 2015",94.81,95.16,95.39,94.73,-0.17%
"Jun 16, 2015",95,94.83,95.23,94.56,0.20%
"Jun 17, 2015",94.3,94.95,95.18,94.11,-0.74%
"Jun 18, 2015",94.04,94.22,94.23,93.56,-0.28%
"Jun 19, 2015",94.08,94.03,94.5,93.9,0.04%
"Jun 22, 2015",94.33,94,94.45,93.81,0.27%
"Jun 23, 2015",95.43,94.29,95.64,94.3,1.17%
"Jun 24, 2015",95.26,95.37,95.54,94.93,-0.18%
"Jun 25, 2015",95.19,95.28,95.51,95.09,-0.07%
"Jun 26, 2015",95.47,95.17,95.67,95.08,0.29%
"Jun 29, 2015",94.79,96.11,96.37,94.68,-0.71%
"Jun 30, 2015",95.48,95.04,95.68,94.85,0.73%
"Jul 01, 2015",96.31,95.58,96.35,95.47,0.87%
"Jul 02, 2015",96.11,96.32,96.42,95.87,-0.21%
"Jul 03, 2015",96.11,96.09,96.22,95.87,0.00%
"Jul 06, 2015",96.3,96.42,96.62,96.02,0.20%
"Jul 07, 2015",96.86,96.28,97.23,96.31,0.58%
"Jul 08, 2015",96.29,96.68,96.88,96.12,-0.59%
"Jul 09, 2015",96.61,96.23,96.75,95.97,0.33%
"Jul 10, 2015",96.03,96.38,96.39,95.45,-0.60%
"Jul 13, 2015",96.86,96.09,96.86,95.63,0.86%
"Jul 14, 2015",96.64,96.81,97.05,96.27,-0.23%
"Jul 15, 2015",97.17,96.66,97.31,96.53,0.55%
"Jul 16, 2015",97.67,97.13,97.76,97.17,0.51%
"Jul 17, 2015",97.86,97.66,97.98,97.42,0.19%
"Jul 20, 2015",98.03,97.93,98.15,97.73,0.17%
"Jul 21, 2015",97.33,98.02,98.15,97.14,-0.71%
"Jul 22, 2015",97.6,97.34,97.79,97.11,0.28%
"Jul 23, 2015",97.11,97.45,97.51,96.89,-0.50%
"Jul 24, 2015",97.24,97.19,97.62,97.12,0.13%
"Jul 27, 2015",96.5,97.2,97.29,96.29,-0.76%
"Jul 28, 2015",96.77,96.58,96.97,96.47,0.28%
"Jul 29, 2015",96.98,96.64,97.25,96.5,0.22%
"Jul 30, 2015",97.56,97.13,97.77,97.17,0.60%
"Jul 31, 2015",97.34,97.47,97.6,96.31,-0.23%
"Aug 03, 2015",97.49,97.22,97.58,97.16,0.15%
"Aug 04, 2015",97.93,97.48,98,97.21,0.45%
"Aug 05, 2015",97.96,97.92,98.22,97.64,0.03%
"Aug 06, 2015",97.83,97.88,98.16,97.63,-0.13%
"Aug 07, 2015",97.56,97.79,98.33,97.51,-0.28%
"Aug 10, 2015",97.16,97.54,97.92,97.04,-0.41%
"Aug 11, 2015",97.29,97.19,97.59,96.88,0.13%
"Aug 12, 2015",96.26,97.18,97.33,95.93,-1.06%
"Aug 13, 2015",96.44,96.34,96.81,96.12,0.19%
"Aug 14, 2015",96.52,96.37,96.67,96.09,0.08%
"Aug 17, 2015",96.81,96.56,96.94,96.51,0.30%
"Aug 18, 2015",97.04,96.84,97.07,96.68,0.24%
"Aug 19, 2015",96.36,97,97.08,96.34,-0.70%
"Aug 20, 2015",95.98,96.45,96.58,95.71,-0.39%
"Aug 21, 2015",95.01,95.81,95.82,94.8,-1.01%
"Aug 24, 2015",93.33,94.86,94.96,92.62,-1.77%
"Aug 25, 2015",94.53,93.38,94.69,93.49,1.29%
"Aug 26, 2015",95.1,93.96,95.44,93.72,0.60%
"Aug 27, 2015",95.61,95.19,96.03,94.98,0.54%
"Aug 28, 2015",96.11,95.76,96.32,95.38,0.52%
"Aug 31, 2015",95.82,96.19,96.25,95.62,-0.30%
"Sep 01, 2015",95.45,95.93,95.93,95.19,-0.39%
"Sep 02, 2015",95.83,95.41,95.98,95.41,0.40%
"Sep 03, 2015",96.41,95.95,96.62,95.79,0.61%
"Sep 04, 2015",96.23,96.37,96.58,95.97,-0.19%
"Sep 07, 2015",96.23,96.15,96.42,96.04,0.00%
"Sep 08, 2015",95.98,96.15,96.24,95.73,-0.26%
"Sep 09, 2015",96.01,95.84,96.41,95.85,0.03%
"Sep 10, 2015",95.46,95.91,96.19,95.4,-0.57%
"Sep 11, 2015",95.19,95.47,95.69,95.11,-0.28%
"Sep 14, 2015",95.25,95.2,95.45,94.91,0.06%
"Sep 15, 2015",95.61,95.3,95.68,95.12,0.38%
"Sep 16, 2015",95.42,95.57,95.84,95.16,-0.20%
"Sep 17, 2015",94.55,95.31,95.39,94.36,-0.91%
"Sep 18, 2015",94.86,94.57,95.38,94.06,0.33%
"Sep 21, 2015",95.89,95.36,95.98,95.04,1.09%
"Sep 22, 2015",96.28,95.92,96.4,95.76,0.41%
"Sep 23, 2015",96.07,96.31,96.55,96.02,-0.22%
"Sep 24, 2015",96.69,96.23,96.69,95.46,0.65%
"Sep 25, 2015",96.27,96.24,96.7,96.12,-0.43%
"Sep 28, 2015",96.03,96.29,96.5,95.9,-0.25%
"Sep 29, 2015",95.86,96.02,96.24,95.71,-0.18%
"Sep 30, 2015",96.35,95.91,96.41,95.85,0.51%
"Oct 01, 2015",96.19,96.27,96.49,95.97,-0.17%
"Oct 02, 2015",95.83,96.14,96.38,95.22,-0.37%
"Oct 05, 2015",96.11,95.84,96.17,95.45,0.29%
"Oct 06, 2015",95.45,96.05,96.16,95.4,-0.69%
"Oct 07, 2015",95.5,95.47,95.7,95.33,0.05%
"Oct 08, 2015",95.32,95.57,95.61,94.98,-0.19%
"Oct 09, 2015",94.81,95.23,95.34,94.69,-0.54%
"Oct 12, 2015",94.84,94.86,94.9,94.62,0.03%
"Oct 13, 2015",94.76,94.9,94.98,94.54,-0.08%
"Oct 14, 2015",93.93,94.76,94.76,93.84,-0.88%
"Oct 15, 2015",94.37,93.95,94.59,93.81,0.47%
"Oct 16, 2015",94.54,94.47,94.77,94.37,0.18%
"Oct 19, 2015",94.93,94.67,95,94.55,0.41%
"Oct 20, 2015",94.91,94.93,94.95,94.59,-0.02%
"Oct 21, 2015",95.03,94.85,95.08,94.72,0.13%
"Oct 22, 2015",96.38,95.04,96.54,94.94,1.42%
"Oct 23, 2015",97.13,96.4,97.2,96.15,0.78%
"Oct 26, 2015",96.86,97.15,97.15,96.68,-0.28%
"Oct 27, 2015",96.91,96.8,96.97,96.58,0.05%
"Oct 28, 2015",97.78,96.95,97.82,96.47,0.90%
"Oct 29, 2015",97.28,97.61,97.69,97.19,-0.51%
"Oct 30, 2015",96.95,97.19,97.35,96.58,-0.34%
"Nov 02, 2015",96.93,96.69,96.97,96.64,-0.02%
"Nov 03, 2015",97.16,96.9,97.48,96.77,0.24%
"Nov 04, 2015",97.95,97.2,98.05,97.17,0.81%
"Nov 05, 2015",97.94,97.94,98.14,97.75,-0.01%
"Nov 06, 2015",99.17,97.95,99.34,97.89,1.26%
"Nov 09, 2015",98.98,99.27,99.27,98.82,-0.19%
"Nov 10, 2015",99.29,99.01,99.5,98.94,0.31%
"Nov 11, 2015",99.01,99.1,99.24,98.78,-0.28%
"Nov 12, 2015",98.65,98.82,99.29,98.43,-0.36%
"Nov 13, 2015",99,98.57,99.21,98.53,0.35%
"Nov 16, 2015",99.44,99,99.46,98.87,0.44%
"Nov 17, 2015",99.63,99.4,99.75,99.36,0.19%
"Nov 18, 2015",99.65,99.65,99.85,99.31,0.02%
"Nov 19, 2015",98.99,99.41,99.48,98.73,-0.66%
"Nov 20, 2015",99.56,99.09,99.65,99,0.58%
"Nov 23, 2015",99.8,99.66,100,99.53,0.24%
"Nov 24, 2015",99.53,99.68,99.78,99.47,-0.27%
"Nov 25, 2015",99.8,99.56,100.17,99.31,0.27%
"Nov 26, 2015",99.8,99.74,99.91,99.71,0.00%
"Nov 27, 2015",100.02,99.86,100.2,99.66,0.22%
"Nov 30, 2015",100.17,100.08,100.31,100.05,0.15%
"Dec 01, 2015",99.8,100.23,100.26,99.72,-0.37%
"Dec 02, 2015",99.99,99.83,100.51,99.8,0.19%
"Dec 03, 2015",97.62,100.01,100.47,97.59,-2.37%
"Dec 04, 2015",98.35,97.83,98.61,97.75,0.75%
"Dec 07, 2015",98.66,98.38,98.9,98.3,0.32%
"Dec 08, 2015",98.47,98.73,98.76,98.33,-0.19%
"Dec 09, 2015",97.34,98.45,98.52,97.22,-1.15%
"Dec 10, 2015",97.94,97.41,97.99,97.36,0.62%
"Dec 11, 2015",97.56,97.98,98.09,97.33,-0.39%
"Dec 14, 2015",97.6,97.61,97.93,97.28,0.04%
"Dec 15, 2015",98.22,97.64,98.29,97.19,0.64%
"Dec 16, 2015",97.87,98.19,98.6,97.66,-0.36%
"Dec 17, 2015",99.27,98.56,99.29,98.53,1.43%
"Dec 18, 2015",98.7,99.02,99.18,98.64,-0.57%
"Dec 21, 2015",98.36,98.68,98.84,98.29,-0.34%
"Dec 22, 2015",98.23,98.46,98.51,98,-0.13%
"Dec 23, 2015",98.34,98.21,98.6,98.19,0.11%
"Dec 24, 2015",97.98,98.33,98.38,97.86,-0.37%
"Dec 25, 2015",97.98,97.87,98.02,97.83,0.00%
"Dec 28, 2015",97.92,97.95,98.03,97.81,-0.06%
"Dec 29, 2015",98.1,97.9,98.41,97.8,0.18%
"Dec 30, 2015",98.27,98.21,98.41,98.11,0.17%
"Dec 31, 2015",98.63,98.22,98.78,98.18,0.37%
"Jan 01, 2016",98.63,98.69,98.69,98.63,0.00%
"Jan 04, 2016",98.87,98.59,99.18,98.05,0.24%
"Jan 05, 2016",99.4,98.87,99.63,98.75,0.54%
"Jan 06, 2016",99.18,99.39,99.58,99.11,-0.22%
"Jan 07, 2016",98.22,99.21,99.3,98.17,-0.97%
"Jan 08, 2016",98.54,98.3,99.18,98.27,0.33%
"Jan 11, 2016",98.72,98.41,98.89,98.25,0.18%
"Jan 12, 2016",98.97,98.8,99.28,98.57,0.25%
"Jan 13, 2016",98.93,99.03,99.33,98.86,-0.04%
"Jan 14, 2016",99.09,98.82,99.26,98.59,0.16%
"Jan 15, 2016",98.96,99.1,99.12,98.38,-0.13%
"Jan 18, 2016",98.96,98.8,99.2,98.8,0.00%
"Jan 19, 2016",98.99,99.12,99.31,98.86,0.03%
"Jan 20, 2016",99.09,99.02,99.19,98.63,0.10%
"Jan 21, 2016",99.06,99.19,99.8,98.91,-0.03%
"Jan 22, 2016",99.57,99.18,99.59,99.11,0.51%
"Jan 25, 2016",99.36,99.52,99.55,99.23,-0.21%
"Jan 26, 2016",99.36,99.3,99.45,99,0.00%
"Jan 27, 2016",98.9,99.02,99.16,98.71,-0.46%
"Jan 28, 2016",98.51,98.88,99.11,98.42,-0.39%
"Jan 29, 2016",99.61,98.65,99.83,98.58,1.12%
"Feb 01, 2016",99.01,99.55,99.63,98.93,-0.60%
"Feb 02, 2016",98.87,98.99,99.09,98.75,-0.14%
"Feb 03, 2016",97.29,98.83,98.94,96.89,-1.60%
"Feb 04, 2016",96.47,97.29,97.47,96.26,-0.84%
"Feb 05, 2016",97.03,96.56,97.27,96.32,0.58%
"Feb 08, 2016",96.57,97.06,97.48,96.54,-0.47%
"Feb 09, 2016",96.07,96.73,96.83,95.66,-0.52%
"Feb 10, 2016",95.89,96.06,96.72,95.76,-0.19%
"Feb 11, 2016",95.56,95.89,95.9,95.24,-0.34%
"Feb 12, 2016",95.94,95.5,96.22,95.46,0.40%
"Feb 15, 2016",95.98,96.08,96.88,95.94,0.04%
"Feb 16, 2016",96.87,96.58,96.99,96.38,0.93%
"Feb 17, 2016",96.79,96.94,97.1,96.63,-0.08%
"Feb 18, 2016",96.95,96.89,97.09,96.69,0.17%
"Feb 19, 2016",96.6,96.87,97.17,96.56,-0.36%
"Feb 22, 2016",97.38,96.78,97.6,96.73,0.81%
"Feb 23, 2016",97.48,97.36,97.58,97.14,0.10%
"Feb 24, 2016",97.46,97.47,97.92,97.23,-0.02%
"Feb 25, 2016",97.29,97.49,97.72,97.22,-0.17%
"Feb 26, 2016",98.15,97.4,98.26,97.1,0.88%
"Feb 29, 2016",98.21,98.17,98.37,97.8,0.06%
"Mar 01, 2016",98.35,98.18,98.57,98.09,0.14%
"Mar 02, 2016",98.21,98.26,98.58,98.12,-0.14%
"Mar 03, 2016",97.59,98.2,98.35,97.46,-0.63%
"Mar 04, 2016",97.34,97.67,98.03,97.02,-0.26%
"Mar 07, 2016",97.07,97.4,97.7,97.04,-0.28%
"Mar 08, 2016",97.21,97.11,97.27,96.89,0.14%
"Mar 09, 2016",97.17,97.22,97.57,96.93,-0.04%
"Mar 10, 2016",96.07,97.23,98.42,95.94,-1.13%
"Mar 11, 2016",96.17,96.17,96.72,95.94,0.10%
"Mar 14, 2016",96.62,96.31,96.71,96.14,0.47%
"Mar 15, 2016",96.63,96.6,96.87,96.47,0.01%
"Mar 16, 2016",95.89,96.67,97.06,95.54,-0.77%
"Mar 17, 2016",94.76,95.75,95.83,94.65,-1.18%
"Mar 18, 2016",95.09,94.77,95.17,94.58,0.35%
"Mar 21, 2016",95.29,95.15,95.41,95,0.21%
"Mar 22, 2016",95.65,95.43,95.75,95.26,0.38%
"Mar 23, 2016",96.05,95.64,96.23,95.62,0.42%
"Mar 24, 2016",96.14,96.07,96.36,96.04,0.09%
"Mar 25, 2016",96.14,96.11,96.36,96.11,0.00%
"Mar 28, 2016",95.94,96.27,96.4,95.84,-0.21%
"Mar 29, 2016",95.16,95.96,96.22,95.09,-0.81%
"Mar 30, 2016",94.84,95.21,95.22,94.59,-0.34%
"Mar 31, 2016",94.59,94.84,95.03,94.32,-0.26%
"Apr 01, 2016",94.62,94.64,95.11,94.33,0.03%
"Apr 04, 2016",94.51,94.56,94.83,94.41,-0.12%
"Apr 05, 2016",94.63,94.58,94.98,94.45,0.13%
"Apr 06, 2016",94.43,94.6,95.07,94.24,-0.21%
"Apr 07, 2016",94.48,94.48,94.67,94.02,0.05%
"Apr 08, 2016",94.23,94.56,94.68,94.09,-0.26%
"Apr 11, 2016",93.95,94.1,94.34,93.75,-0.30%
"Apr 12, 2016",93.96,93.99,94.39,93.63,0.01%
"Apr 13, 2016",94.74,94.05,94.85,94,0.83%
"Apr 14, 2016",94.9,94.81,95.2,94.68,0.17%
"Apr 15, 2016",94.7,94.93,95.05,94.51,-0.21%
"Apr 18, 2016",94.49,94.59,94.83,94.38,-0.22%
"Apr 19, 2016",93.98,94.49,94.55,93.93,-0.54%
"Apr 20, 2016",94.49,94.14,94.59,93.94,0.54%
"Apr 21, 2016",94.6,94.53,94.7,93.92,0.12%
"Apr 22, 2016",95.12,94.63,95.2,94.47,0.55%
"Apr 25, 2016",94.84,95.11,95.08,94.68,-0.29%
"Apr 26, 2016",94.57,94.79,94.81,94.2,-0.28%
"Apr 27, 2016",94.39,94.53,94.8,94.15,-0.19%
"Apr 28, 2016",93.76,94.39,94.58,93.69,-0.67%
"Apr 29, 2016",93.08,93.8,93.8,93.01,-0.73%
"May 02, 2016",92.63,93.02,93.07,92.54,-0.48%
"May 03, 2016",92.94,92.6,93.11,91.92,0.33%
"May 04, 2016",93.18,92.98,93.36,92.85,0.26%
"May 05, 2016",93.78,93.21,93.86,93.17,0.64%
"May 06, 2016",93.89,93.73,93.96,93.28,0.12%
"May 09, 2016",94.13,93.91,94.2,93.8,0.26%
"May 10, 2016",94.29,94.13,94.36,94.03,0.17%
"May 11, 2016",93.82,94.26,94.26,93.68,-0.50%
"May 12, 2016",94.15,93.85,94.19,93.8,0.35%
"May 13, 2016",94.61,94.12,94.84,94.12,0.49%
"May 16, 2016",94.57,94.65,94.68,94.4,-0.04%
"May 17, 2016",94.55,94.57,94.71,94.33,-0.02%
"May 18, 2016",95.08,94.58,95.27,94.53,0.56%
"May 19, 2016",95.29,95.15,95.5,95.12,0.22%
"May 20, 2016",95.33,95.29,95.46,95.17,0.04%
"May 23, 2016",95.23,95.32,95.48,95.1,-0.10%
"May 24, 2016",95.57,95.27,95.66,95.2,0.36%
"May 25, 2016",95.35,95.63,95.66,95.33,-0.23%
"May 26, 2016",95.17,95.42,95.42,94.94,-0.19%
"May 27, 2016",95.52,95.14,95.78,95.08,0.37%
"May 30, 2016",95.52,95.7,95.97,95.52,0.00%
"May 31, 2016",95.89,95.66,95.89,95.46,0.39%
"Jun 01, 2016",95.45,95.81,95.9,95.34,-0.46%
"Jun 02, 2016",95.56,95.43,95.61,95.15,0.12%
"Jun 03, 2016",94.03,95.55,95.64,93.86,-1.60%
"Jun 06, 2016",93.9,94.02,94.27,93.75,-0.14%
"Jun 07, 2016",93.83,94.02,94.09,93.75,-0.07%
"Jun 08, 2016",93.59,93.86,93.87,93.42,-0.26%
"Jun 09, 2016",93.95,93.55,94.13,93.43,0.38%
"Jun 10, 2016",94.57,94.09,94.71,94.05,0.66%
"Jun 13, 2016",94.36,94.65,94.75,94.24,-0.22%
"Jun 14, 2016",94.93,94.36,95.03,94.32,0.60%
"Jun 15, 2016",94.61,94.91,95.04,94.36,-0.34%
"Jun 16, 2016",94.57,94.6,95.32,94.2,-0.04%
"Jun 17, 2016",94.21,94.58,94.59,94.07,-0.38%
"Jun 20, 2016",93.61,93.87,93.87,93.45,-0.64%
"Jun 21, 2016",94.02,93.61,94.14,93.42,0.44%
"Jun 22, 2016",93.72,94.05,94.12,93.42,-0.32%
"Jun 23, 2016",93.53,93.5,93.61,93.02,-0.20%
"Jun 24, 2016",95.45,93.45,96.7,93.45,2.05%
"Jun 27, 2016",96.54,96.07,96.7,95.81,1.14%
"Jun 28, 2016",96.25,96.41,96.41,95.77,-0.30%
"Jun 29, 2016",95.77,96.04,96.2,95.59,-0.50%
"Jun 30, 2016",96.14,95.67,96.42,95.44,0.39%
"Jul 01, 2016",95.65,95.89,96.08,95.41,-0.51%
"Jul 04, 2016",95.65,95.69,95.89,95.43,0.00%
"Jul 05, 2016",96.17,95.54,96.25,95.34,0.54%
"Jul 06, 2016",96.05,96.25,96.5,95.98,-0.12%
"Jul 07, 2016",96.33,96.13,96.34,95.92,0.29%
"Jul 08, 2016",96.3,96.28,96.7,95.83,-0.03%
"Jul 11, 2016",96.57,96.29,96.79,96.27,0.28%
"Jul 12, 2016",96.44,96.54,96.64,96.07,-0.13%
"Jul 13, 2016",96.22,96.51,96.6,96.09,-0.23%
"Jul 14, 2016",96.08,96.27,96.37,95.83,-0.15%
"Jul 15, 2016",96.58,96.13,96.73,95.91,0.52%
"Jul 18, 2016",96.56,96.59,96.71,96.47,-0.02%
"Jul 19, 2016",97.06,96.55,97.15,96.52,0.52%
"Jul 20, 2016",97.2,97.08,97.32,96.99,0.14%
"Jul 21, 2016",97,97.13,97.21,96.73,-0.21%
"Jul 22, 2016",97.47,96.92,97.54,96.83,0.48%
"Jul 25, 2016",97.29,97.35,97.57,97.22,-0.18%
"Jul 26, 2016",97.16,97.29,97.32,96.85,-0.13%
"Jul 27, 2016",97.05,97.14,97.53,96.67,-0.11%
"Jul 28, 2016",96.74,96.73,96.77,96.29,-0.32%
"Jul 29, 2016",95.53,96.62,96.62,95.38,-1.25%
"Aug 01, 2016",95.71,95.59,95.82,95.54,0.19%
"Aug 02, 2016",95.06,95.82,95.85,95,-0.68%
"Aug 03, 2016",95.56,95.13,95.61,95.13,0.53%
"Aug 04, 2016",95.76,95.54,95.9,95.42,0.21%
"Aug 05, 2016",96.19,95.78,96.52,95.55,0.45%
"Aug 08, 2016",96.4,96.29,96.47,96.15,0.22%
"Aug 09, 2016",96.18,96.39,96.52,96.08,-0.23%
"Aug 10, 2016",95.65,96.12,96.12,95.44,-0.55%
"Aug 11, 2016",95.86,95.58,95.97,95.5,0.22%
"Aug 12, 2016",95.72,95.92,95.99,95.25,-0.15%
"Aug 15, 2016",95.63,95.65,95.8,95.47,-0.09%
"Aug 16, 2016",94.79,95.61,95.66,94.43,-0.88%
"Aug 17, 2016",94.72,94.8,95.1,94.51,-0.07%
"Aug 18, 2016",94.16,94.7,94.7,94.08,-0.59%
"Aug 19, 2016",94.51,94.23,94.63,94.22,0.37%
"Aug 22, 2016",94.52,94.72,94.96,94.44,0.01%
"Aug 23, 2016",94.54,94.55,94.58,94.21,0.02%
"Aug 24, 2016",94.79,94.55,94.91,94.5,0.26%
"Aug 25, 2016",94.77,94.78,94.83,94.59,-0.02%
"Aug 26, 2016",95.57,94.72,95.59,94.25,0.84%
"Aug 29, 2016",95.58,95.61,95.83,95.48,0.01%
"Aug 30, 2016",96.05,95.58,96.14,95.53,0.49%
"Aug 31, 2016",96.02,96.01,96.25,95.9,-0.03%
"Sep 01, 2016",95.65,95.98,96.24,95.59,-0.39%
"Sep 02, 2016",95.84,95.67,95.96,95.19,0.20%
"Sep 05, 2016",95.84,95.89,95.89,95.55,0.00%
"Sep 06, 2016",94.82,95.79,95.86,94.77,-1.06%
"Sep 07, 2016",94.96,94.89,95.06,94.69,0.15%
"Sep 08, 2016",95.03,94.96,95.14,94.47,0.07%
"Sep 09, 2016",95.34,94.94,95.58,94.8,0.33%
"Sep 12, 2016",95.09,95.3,95.45,94.94,-0.26%
"Sep 13, 2016",95.63,95.12,95.67,95.08,0.57%
"Sep 14, 2016",95.33,95.56,95.66,95.2,-0.31%
"Sep 15, 2016",95.29,95.33,95.56,95.08,-0.04%
"Sep 16, 2016",96.11,95.23,96.11,95.22,0.86%
"Sep 19, 2016",95.84,96.07,96.07,95.64,-0.28%
"Sep 20, 2016",96.02,95.83,96.04,95.6,0.19%
"Sep 21, 2016",95.66,96,96.33,95.44,-0.37%
"Sep 22, 2016",95.45,95.5,95.53,95.05,-0.22%
"Sep 23, 2016",95.48,95.36,95.68,95.34,0.03%
"Sep 26, 2016",95.3,95.4,95.53,95.13,-0.19%
"Sep 27, 2016",95.44,95.32,95.67,95.24,0.15%
"Sep 28, 2016",95.43,95.45,95.74,95.36,-0.01%
"Sep 29, 2016",95.53,95.37,95.68,95.33,0.10%
"Sep 30, 2016",95.46,95.51,95.96,95.34,-0.07%
"Oct 03, 2016",95.69,95.54,95.8,95.46,0.24%
"Oct 04, 2016",96.17,95.73,96.44,95.73,0.50%
"Oct 05, 2016",96.12,96.1,96.31,95.96,-0.05%
"Oct 06, 2016",96.77,96.14,96.77,96.11,0.68%
"Oct 07, 2016",96.63,97.12,97.19,96.4,-0.14%
"Oct 10, 2016",96.93,96.63,96.97,96.46,0.31%
"Oct 11, 2016",97.69,96.91,97.76,96.91,0.78%
"Oct 12, 2016",97.97,97.54,98.04,97.45,0.29%
"Oct 13, 2016",97.52,97.99,98.13,97.5,-0.46%
"Oct 14, 2016",98.02,97.53,98.12,97.51,0.51%
"Oct 17, 2016",97.89,98.15,98.17,97.81,-0.13%
"Oct 18, 2016",97.89,97.87,97.96,97.61,0.00%
"Oct 19, 2016",97.92,97.89,97.97,97.63,0.03%
"Oct 20, 2016",98.31,97.85,98.4,97.66,0.40%
"Oct 21, 2016",98.69,98.32,98.81,98.31,0.39%
"Oct 24, 2016",98.76,98.64,98.85,98.54,0.07%
"Oct 25, 2016",98.72,98.77,99.12,98.61,-0.04%
"Oct 26, 2016",98.63,98.7,98.84,98.33,-0.09%
"Oct 27, 2016",98.89,98.62,99.03,98.5,0.26%
"Oct 28, 2016",98.35,98.92,98.94,98.24,-0.55%
"Oct 31, 2016",98.44,98.3,98.7,98.29,0.09%
"Nov 01, 2016",97.7,98.39,98.48,97.64,-0.75%
"Nov 02, 2016",97.4,97.75,97.8,97.18,-0.31%
"Nov 03, 2016",97.16,97.37,97.46,97.04,-0.25%
"Nov 04, 2016",97.06,97.17,97.35,96.89,-0.10%
"Nov 07, 2016",97.78,97.54,97.87,97.22,0.74%
"Nov 08, 2016",97.86,97.74,98,97.55,0.08%
"Nov 09, 2016",98.5,97.68,98.7,95.89,0.65%
"Nov 10, 2016",98.78,98.61,99.08,98.31,0.28%
"Nov 11, 2016",99.06,98.85,99.13,98.54,0.28%
"Nov 14, 2016",100.11,99.13,100.22,99.13,1.06%
"Nov 15, 2016",100.23,99.8,100.26,99.45,0.12%
"Nov 16, 2016",100.41,100.18,100.57,99.9,0.18%
"Nov 17, 2016",100.89,100.26,101.01,99.96,0.48%
"Nov 18, 2016",101.21,100.97,101.48,100.83,0.32%
"Nov 21, 2016",101.05,101.28,101.4,100.74,-0.16%
"Nov 22, 2016",101.04,100.77,101.32,100.65,-0.01%
"Nov 23, 2016",101.7,100.95,101.91,100.89,0.65%
"Nov 24, 2016",101.7,101.82,102.05,101.43,0.00%
"Nov 25, 2016",101.49,101.84,101.92,101.21,-0.21%
"Nov 28, 2016",101.33,101.25,101.6,100.64,-0.16%
"Nov 29, 2016",100.93,101.18,101.64,100.86,-0.39%
"Nov 30, 2016",101.5,100.85,101.83,100.84,0.56%
"Dec 01, 2016",101.04,101.52,101.59,100.87,-0.45%
"Dec 02, 2016",100.77,100.88,101.11,100.62,-0.27%
"Dec 05, 2016",100.09,100.84,101.54,99.85,-0.67%
"Dec 06, 2016",100.49,100.13,100.58,99.98,0.40%
"Dec 07, 2016",100.23,100.48,100.6,100.13,-0.26%
"Dec 08, 2016",101.1,100.23,101.25,99.43,0.87%
"Dec 09, 2016",101.59,101.06,101.74,101.01,0.48%
"Dec 12, 2016",101.03,101.71,101.78,100.84,-0.55%
"Dec 13, 2016",101.07,100.89,101.16,100.75,0.04%
"Dec 14, 2016",101.76,101.04,102.35,100.73,0.68%
"Dec 15, 2016",103.02,102.23,103.56,102.16,1.24%
"Dec 16, 2016",102.95,103.16,103.27,102.62,-0.07%
"Dec 19, 2016",103.14,102.9,103.21,102.52,0.18%
"Dec 20, 2016",103.29,103.15,103.65,103.03,0.15%
"Dec 21, 2016",103.02,103.26,103.38,102.77,-0.26%
"Dec 22, 2016",103.09,103.05,103.14,102.59,0.07%
"Dec 23, 2016",103.01,103.08,103.23,102.88,-0.08%
"Dec 26, 2016",103.01,103.01,103.02,102.83,0.00%
"Dec 27, 2016",103.02,102.97,103.15,102.95,0.01%
"Dec 28, 2016",103.3,103.02,103.63,102.87,0.27%
"Dec 29, 2016",102.68,103.21,103.25,102.6,-0.60%
"Dec 30, 2016",102.21,102.13,102.59,101.91,-0.46%
"Jan 02, 2017",102.83,102.38,102.94,102.21,0.61%
"Jan 03, 2017",103.21,102.88,103.82,102.59,0.37%
"Jan 04, 2017",102.7,103.17,103.44,102.39,-0.49%
"Jan 05, 2017",101.52,102.45,102.51,101.3,-1.15%
"Jan 06, 2017",102.22,101.4,102.29,101.37,0.69%
"Jan 09, 2017",101.93,102.25,102.52,101.8,-0.28%
"Jan 10, 2017",102.01,101.85,102.1,101.51,0.08%
"Jan 11, 2017",101.78,102.07,102.95,101.28,-0.23%
"Jan 12, 2017",101.35,101.67,101.8,100.72,-0.42%
"Jan 13, 2017",101.18,101.51,101.67,101.01,-0.17%
"Jan 16, 2017",101.18,101.66,101.73,101.32,0.00%
"Jan 17, 2017",100.33,101.54,101.62,100.26,-0.84%
"Jan 18, 2017",100.93,100.43,101.34,100.32,0.60%
"Jan 19, 2017",101.15,101.35,101.73,100.97,0.22%
"Jan 20, 2017",100.74,101.17,101.5,100.7,-0.41%
"Jan 23, 2017",100.16,100.74,100.74,99.9,-0.58%
"Jan 24, 2017",100.35,100.08,100.43,99.92,0.19%
"Jan 25, 2017",100.03,100.31,100.41,99.83,-0.32%
"Jan 26, 2017",100.38,99.91,100.73,99.79,0.35%
"Jan 27, 2017",100.53,100.49,100.82,100.32,0.15%
"Jan 30, 2017",100.43,100.32,101.02,100.17,-0.10%
"Jan 31, 2017",99.51,100.33,100.51,99.43,-0.92%
"Feb 01, 2017",99.64,99.56,100.04,99.5,0.13%
"Feb 02, 2017",99.79,99.76,99.87,99.23,0.15%
"Feb 03, 2017",99.87,99.79,100.26,99.56,0.08%
"Feb 06, 2017",99.91,99.65,100.25,99.63,0.04%
"Feb 07, 2017",100.26,99.93,100.72,99.91,0.35%
"Feb 08, 2017",100.28,100.44,100.64,100.06,0.02%
"Feb 09, 2017",100.65,100.22,100.68,100.08,0.37%
"Feb 10, 2017",100.8,100.67,101.01,100.58,0.15%
"Feb 13, 2017",100.96,100.84,101.11,100.58,0.16%
"Feb 14, 2017",101.25,100.98,101.38,100.7,0.29%
"Feb 15, 2017",101.18,101.22,101.76,101,-0.07%
"Feb 16, 2017",100.44,101.05,101.07,100.41,-0.73%
"Feb 17, 2017",100.95,100.52,100.96,100.45,0.51%
"Feb 20, 2017",100.95,100.93,100.98,100.77,0.00%
"Feb 21, 2017",101.37,100.93,101.6,100.91,0.42%
"Feb 22, 2017",101.22,101.4,101.72,101.17,-0.15%
"Feb 23, 2017",101.05,101.38,101.44,100.87,-0.17%
"Feb 24, 2017",101.09,100.95,101.17,100.66,0.04%
"Feb 27, 2017",101.13,101.11,101.27,100.69,0.04%
"Feb 28, 2017",101.12,101.21,101.4,100.78,-0.01%
"Mar 01, 2017",101.78,101.43,101.97,101.23,0.65%
"Mar 02, 2017",102.2,101.92,102.26,101.78,0.41%
"Mar 03, 2017",101.54,102.13,102.17,101.34,-0.65%
"Mar 06, 2017",101.64,101.4,101.75,101.22,0.10%
"Mar 07, 2017",101.81,101.68,101.91,101.53,0.17%
"Mar 08, 2017",102.07,101.79,102.19,101.71,0.26%
"Mar 09, 2017",101.85,102.11,102.25,101.7,-0.22%
"Mar 10, 2017",101.25,101.99,102,101.17,-0.59%
"Mar 13, 2017",101.31,101.31,101.39,101.01,0.06%
"Mar 14, 2017",101.7,101.4,101.79,101.34,0.38%
"Mar 15, 2017",100.74,101.71,101.72,100.49,-0.94%
"Mar 16, 2017",100.36,100.56,100.75,100.21,-0.38%
"Mar 17, 2017",100.3,100.24,100.47,100.14,-0.06%
"Mar 20, 2017",100.41,100.36,100.45,100.02,0.11%
"Mar 21, 2017",99.81,100.37,100.47,99.66,-0.60%
"Mar 22, 2017",99.68,99.69,99.93,99.55,-0.13%
"Mar 23, 2017",99.76,99.75,99.87,99.63,0.08%
"Mar 24, 2017",99.63,99.77,100,99.53,-0.13%
"Mar 27, 2017",99.17,99.47,99.53,98.86,-0.46%
"Mar 28, 2017",99.71,99.22,99.79,99.11,0.54%
"Mar 29, 2017",100,99.7,100.13,99.67,0.29%
"Mar 30, 2017",100.41,99.96,100.6,99.92,0.41%
"Mar 31, 2017",100.35,100.49,100.65,100.25,-0.06%
"Apr 03, 2017",100.54,100.5,100.69,100.37,0.19%
"Apr 04, 2017",100.54,100.49,100.73,100.42,0.00%
"Apr 05, 2017",100.56,100.52,100.85,100.41,0.02%
"Apr 06, 2017",100.67,100.5,100.77,100.38,0.11%
"Apr 07, 2017",101.18,100.73,101.26,100.52,0.51%
"Apr 10, 2017",101.02,101.18,101.34,100.94,-0.16%
"Apr 11, 2017",100.71,100.97,101.08,100.58,-0.31%
"Apr 12, 2017",100.78,100.73,100.82,100.09,0.07%
"Apr 13, 2017",100.56,100.16,100.6,100.01,-0.22%
"Apr 14, 2017",100.56,100.58,100.61,100.36,0.00%
"Apr 17, 2017",100.29,100.49,100.47,100,-0.27%
"Apr 18, 2017",99.5,100.34,100.4,99.47,-0.79%
"Apr 19, 2017",99.74,99.51,99.89,99.51,0.24%
"Apr 20, 2017",99.78,99.78,99.85,99.37,0.04%
"Apr 21, 2017",99.98,99.83,100.03,99.65,0.20%
"Apr 24, 2017",99.09,98.97,99.33,98.91,-0.89%
"Apr 25, 2017",98.78,99.05,99.22,98.69,-0.31%
"Apr 26, 2017",99.05,98.85,99.33,98.73,0.27%
"Apr 27, 2017",99.08,98.95,99.33,98.81,0.03%
"Apr 28, 2017",99.05,99.17,99.25,98.72,-0.03%
"May 01, 2017",99.08,98.93,99.21,98.89,0.03%
"May 02, 2017",98.98,99.07,99.22,98.92,-0.10%
"May 03, 2017",99.21,98.92,99.39,98.89,0.23%
"May 04, 2017",98.8,99.35,99.46,98.71,-0.41%
"May 05, 2017",98.65,98.77,98.97,98.54,-0.15%
"May 08, 2017",99.06,98.79,99.19,98.6,0.42%
"May 09, 2017",99.66,99.14,99.69,99.08,0.61%
"May 10, 2017",99.67,99.48,99.72,99.36,0.01%
"May 11, 2017",99.62,99.66,99.89,99.49,-0.05%
"May 12, 2017",99.25,99.63,99.7,99.16,-0.37%
"May 15, 2017",98.91,99.15,99.26,98.79,-0.34%
"May 16, 2017",98.11,98.88,98.89,98.08,-0.81%
"May 17, 2017",97.58,98.09,98.13,97.33,-0.54%
"May 18, 2017",97.88,97.44,98.07,97.37,0.31%
"May 19, 2017",97.14,97.85,97.85,97.08,-0.76%
"May 22, 2017",96.98,97.22,97.44,96.8,-0.16%
"May 23, 2017",97.35,96.95,97.42,96.8,0.38%
"May 24, 2017",97.24,97.34,97.47,97.03,-0.11%
"May 25, 2017",97.25,97.07,97.28,96.88,0.01%
"May 26, 2017",97.44,97.23,97.55,97.04,0.20%
"May 29, 2017",97.44,97.43,97.61,97.33,0.00%
"May 30, 2017",97.28,97.63,97.78,97.22,-0.16%
"May 31, 2017",96.92,97.43,97.5,96.86,-0.37%
"Jun 01, 2017",97.2,96.99,97.32,96.9,0.29%
"Jun 02, 2017",96.72,97.19,97.31,96.65,-0.49%
"Jun 05, 2017",96.8,96.73,96.97,96.7,0.08%
"Jun 06, 2017",96.64,96.79,96.8,96.52,-0.17%
"Jun 07, 2017",96.75,96.54,96.98,96.51,0.11%
"Jun 08, 2017",96.92,96.7,97.23,96.59,0.18%
"Jun 09, 2017",97.27,97.18,97.5,97.14,0.36%
"Jun 12, 2017",97.14,97.22,97.32,97.04,-0.13%
"Jun 13, 2017",96.97,97.17,97.28,96.95,-0.18%
"Jun 14, 2017",96.94,97,97.12,96.32,-0.03%
"Jun 15, 2017",97.43,96.93,97.56,96.84,0.51%
"Jun 16, 2017",97.16,97.48,97.56,97.1,-0.28%
"Jun 19, 2017",97.55,97.1,97.58,97.05,0.40%
"Jun 20, 2017",97.76,97.53,97.87,97.43,0.22%
"Jun 21, 2017",97.56,97.73,97.8,97.52,-0.20%
"Jun 22, 2017",97.59,97.55,97.65,97.43,0.03%
"Jun 23, 2017",97.26,97.56,97.58,97.18,-0.34%
"Jun 26, 2017",97.43,97.24,97.47,97.11,0.17%
"Jun 27, 2017",96.39,97.43,97.45,96.34,-1.07%
"Jun 28, 2017",96.01,96.43,96.62,95.97,-0.39%
"Jun 29, 2017",95.63,96.04,96.05,95.53,-0.40%
"Jun 30, 2017",95.63,95.54,95.83,95.47,0.00%
"Jul 03, 2017",96.22,95.65,96.24,95.63,0.62%
"Jul 04, 2017",96.22,96.16,96.33,96.05,0.00%
"Jul 05, 2017",96.29,96.19,96.51,96.07,0.07%
"Jul 06, 2017",95.8,96.19,96.34,95.78,-0.51%
"Jul 07, 2017",96.01,95.8,96.15,95.75,0.22%
"Jul 10, 2017",96.02,96.03,96.2,95.95,0.01%
"Jul 11, 2017",95.67,96.07,96.2,95.65,-0.36%
"Jul 12, 2017",95.76,95.71,95.98,95.51,0.09%
"Jul 13, 2017",95.73,95.78,95.92,95.46,-0.03%
"Jul 14, 2017",95.15,95.8,95.83,95.09,-0.61%
"Jul 17, 2017",95.13,95.09,95.35,95.02,-0.02%
"Jul 18, 2017",94.6,95.16,95.19,94.48,-0.56%
"Jul 19, 2017",94.78,94.69,94.89,94.64,0.19%
"Jul 20, 2017",94.31,94.77,95.17,94.09,-0.50%
"Jul 21, 2017",93.86,94.3,94.36,93.85,-0.48%
"Jul 24, 2017",93.98,93.94,94.12,93.82,0.13%
"Jul 25, 2017",94.05,94.03,94.12,93.64,0.07%
"Jul 26, 2017",93.67,94.09,94.28,93.37,-0.40%
"Jul 27, 2017",93.86,93.46,94.1,93.15,0.20%
"Jul 28, 2017",93.26,93.87,93.95,93.26,-0.64%
"Jul 31, 2017",92.86,93.36,93.53,92.78,-0.43%
"Aug 01, 2017",93.04,92.89,93.12,92.78,0.19%
"Aug 02, 2017",92.84,93.06,93.16,92.55,-0.21%
"Aug 03, 2017",92.84,92.9,93.04,92.68,0.00%
"Aug 04, 2017",93.54,92.76,93.77,92.7,0.75%
"Aug 07, 2017",93.43,93.51,93.54,93.3,-0.12%
"Aug 08, 2017",93.65,93.44,93.88,93.24,0.24%
"Aug 09, 2017",93.55,93.56,93.89,93.49,-0.11%
"Aug 10, 2017",93.4,93.5,93.81,93.32,-0.16%
"Aug 11, 2017",93.07,93.43,93.51,92.93,-0.35%
"Aug 14, 2017",93.41,93.07,93.5,93.05,0.37%
"Aug 15, 2017",93.85,93.46,94.14,93.44,0.47%
"Aug 16, 2017",93.54,93.83,94.14,93.47,-0.33%
"Aug 17, 2017",93.62,93.44,94.08,93.31,0.09%
"Aug 18, 2017",93.43,93.68,93.76,93.33,-0.20%
"Aug 21, 2017",93.09,93.45,93.58,93,-0.36%
"Aug 22, 2017",93.55,93.14,93.58,93.06,0.49%
"Aug 23, 2017",93.15,93.51,93.63,93.13,-0.43%
"Aug 24, 2017",93.28,93.16,93.38,93.14,0.14%
"Aug 25, 2017",92.74,93.27,93.44,92.42,-0.58%
"Aug 28, 2017",92.21,92.32,92.55,92.17,-0.57%
"Aug 29, 2017",92.25,92.22,92.47,91.62,0.04%
"Aug 30, 2017",92.88,92.3,92.95,92.25,0.68%
"Aug 31, 2017",92.67,92.85,93.35,92.56,-0.23%
"Sep 01, 2017",92.81,92.61,92.93,92.1,0.15%
"Sep 04, 2017",92.64,92.66,92.7,92.44,-0.18%
"Sep 05, 2017",92.25,92.6,92.73,92.18,-0.42%
"Sep 06, 2017",92.29,92.24,92.38,91.99,0.04%
"Sep 07, 2017",91.66,92.2,92.25,91.41,-0.68%
"Sep 08, 2017",91.35,91.49,91.51,91.01,-0.34%
"Sep 11, 2017",91.9,91.44,91.98,91.42,0.60%
"Sep 12, 2017",91.88,91.86,92.08,91.77,-0.02%
"Sep 13, 2017",92.52,91.88,92.53,91.71,0.70%
"Sep 14, 2017",92.12,92.35,92.66,91.97,-0.43%
"Sep 15, 2017",91.87,92,92.17,91.58,-0.27%
"Sep 18, 2017",92.05,91.95,92.21,91.8,0.20%
"Sep 19, 2017",91.79,91.98,92.05,91.75,-0.28%
"Sep 20, 2017",92.51,91.83,92.7,91.53,0.78%
"Sep 21, 2017",92.19,92.47,92.66,92.1,-0.35%
"Sep 22, 2017",92.17,92.18,92.22,91.78,-0.02%
"Sep 25, 2017",92.65,92.42,92.72,92.21,0.52%
"Sep 26, 2017",92.97,92.6,93.29,92.55,0.35%
"Sep 27, 2017",93.36,93.04,93.61,93,0.42%
"Sep 28, 2017",93.08,93.47,93.67,93.07,-0.30%
"Sep 29, 2017",93.08,93.17,93.27,92.95,0.00%
"Oct 02, 2017",93.56,93.22,93.66,93.12,0.52%
"Oct 03, 2017",93.57,93.6,93.92,93.43,0.01%
"Oct 04, 2017",93.46,93.57,93.58,93.26,-0.12%
"Oct 05, 2017",93.96,93.48,93.99,93.41,0.53%
"Oct 06, 2017",93.8,93.92,94.27,93.77,-0.17%
"Oct 09, 2017",93.67,93.77,93.84,93.62,-0.14%
"Oct 10, 2017",93.29,93.73,93.74,93.14,-0.41%
"Oct 11, 2017",93.02,93.25,93.37,92.9,-0.29%
"Oct 12, 2017",93.06,92.95,93.23,92.8,0.04%
"Oct 13, 2017",93.09,93.09,93.24,92.75,0.03%
"Oct 16, 2017",93.31,93.08,93.36,93.08,0.24%
"Oct 17, 2017",93.51,93.31,93.73,93.28,0.21%
"Oct 18, 2017",93.36,93.48,93.8,93.36,-0.16%
"Oct 19, 2017",93.16,93.42,93.55,93.06,-0.21%
"Oct 20, 2017",93.7,93.16,93.78,93.12,0.58%
"Oct 23, 2017",93.94,93.82,94.02,93.68,0.26%
"Oct 24, 2017",93.77,93.83,93.99,93.68,-0.18%
"Oct 25, 2017",93.71,93.94,94.01,93.61,-0.06%
"Oct 26, 2017",94.61,93.63,94.72,93.48,0.96%
"Oct 27, 2017",94.92,94.72,95.15,94.73,0.33%
"Oct 30, 2017",94.56,94.83,94.9,94.44,-0.38%
"Oct 31, 2017",94.55,94.54,94.7,94.45,-0.01%
"Nov 01, 2017",94.81,94.55,94.85,94.51,0.27%
"Nov 02, 2017",94.69,94.8,94.8,94.41,-0.13%
"Nov 03, 2017",94.94,94.73,95.02,94.41,0.26%
"Nov 06, 2017",94.76,94.87,95.08,94.69,-0.19%
"Nov 07, 2017",94.91,94.72,95.15,94.7,0.16%
"Nov 08, 2017",94.87,94.8,94.97,94.78,-0.04%
"Nov 09, 2017",94.44,94.88,94.96,94.42,-0.45%
"Nov 10, 2017",94.39,94.5,94.65,94.26,-0.05%
"Nov 13, 2017",94.49,94.42,94.64,94.4,0.11%
"Nov 14, 2017",93.83,94.52,94.54,93.75,-0.70%
"Nov 15, 2017",93.81,93.86,93.93,93.4,-0.02%
"Nov 16, 2017",93.93,93.84,94,93.77,0.13%
"Nov 17, 2017",93.66,93.87,93.93,93.51,-0.29%
"Nov 20, 2017",94.08,93.71,94.1,93.58,0.45%
"Nov 21, 2017",93.95,94.04,94.17,93.88,-0.14%
"Nov 22, 2017",93.22,93.93,93.96,93.21,-0.78%
"Nov 23, 2017",93.22,93.3,93.31,93.07,0.00%
"Nov 24, 2017",92.78,93.12,93.25,92.67,-0.47%
"Nov 27, 2017",92.9,92.73,92.98,92.5,0.13%
"Nov 28, 2017",93.27,92.89,93.34,92.83,0.40%
"Nov 29, 2017",93.16,93.22,93.44,92.99,-0.12%
"Nov 30, 2017",93.05,93.26,93.5,92.73,-0.12%
"Dec 01, 2017",92.89,93.03,93.25,92.6,-0.17%
"Dec 04, 2017",93.19,93.17,93.36,93.07,0.32%
"Dec 05, 2017",93.38,93.08,93.49,93.03,0.20%
"Dec 06, 2017",93.61,93.31,93.65,93.17,0.25%
"Dec 07, 2017",93.8,93.54,93.8,93.51,0.20%
"Dec 08, 2017",93.9,93.79,94.09,93.77,0.11%
"Dec 11, 2017",93.87,93.93,93.98,93.67,-0.03%
"Dec 12, 2017",94.1,93.91,94.22,93.76,0.25%
"Dec 13, 2017",93.43,94.06,94.11,93.39,-0.71%
"Dec 14, 2017",93.49,93.41,93.76,93.28,0.06%
"Dec 15, 2017",93.93,93.65,94,93.41,0.47%
"Dec 18, 2017",93.69,93.98,94.03,93.38,-0.26%
"Dec 19, 2017",93.44,93.71,93.76,93.43,-0.27%
"Dec 20, 2017",93.31,93.5,93.53,93.16,-0.14%
"Dec 21, 2017",93.28,93.31,93.5,93.23,-0.03%
"Dec 22, 2017",93.35,93.37,93.56,93.31,0.08%
"Dec 25, 2017",93.35,93.37,93.4,93.19,0.00%
"Dec 26, 2017",93.26,93.25,93.4,93.2,-0.10%
"Dec 27, 2017",93.03,93.3,93.31,92.96,-0.25%
"Dec 28, 2017",92.6,93,93.02,92.57,-0.46%
"Dec 29, 2017",92.12,92.67,92.67,92.08,-0.52%
"Dec 31, 2017",92.28,92.28,92.28,92.28,0.18%
"Jan 01, 2018",92.25,92.29,92.32,92.18,-0.04%
"Jan 02, 2018",91.87,92.24,92.25,91.75,-0.41%
"Jan 03, 2018",92.16,91.82,92.26,91.81,0.32%
"Jan 04, 2018",91.85,92.22,92.26,91.8,-0.34%
"Jan 05, 2018",91.95,91.87,92.1,91.78,0.11%
"Jan 08, 2018",92.36,92.06,92.4,91.88,0.45%
"Jan 09, 2018",92.53,92.34,92.64,92.21,0.18%
"Jan 10, 2018",92.33,92.57,92.57,91.92,-0.22%
"Jan 11, 2018",91.85,92.33,92.55,91.79,-0.52%
"Jan 12, 2018",90.97,91.85,91.88,90.9,-0.96%
"Jan 15, 2018",90.97,90.94,90.94,90.28,0.00%
"Jan 16, 2018",90.39,90.44,90.82,90.34,-0.64%
"Jan 17, 2018",90.54,90.41,91,90.11,0.17%
"Jan 18, 2018",90.5,90.78,90.98,90.41,-0.04%
"Jan 19, 2018",90.57,90.5,90.7,90.16,0.08%
"Jan 22, 2018",90.4,90.44,90.7,90.35,-0.19%
"Jan 23, 2018",90.12,90.39,90.59,90.06,-0.31%
"Jan 24, 2018",89.21,90,90.11,89.16,-1.01%
"Jan 25, 2018",89.39,89.32,89.58,88.44,0.20%
"Jan 26, 2018",89.07,89.4,89.4,88.72,-0.36%
"Jan 29, 2018",89.31,89.11,89.62,89.01,0.27%
"Jan 30, 2018",89.16,89.36,89.64,88.91,-0.17%
"Jan 31, 2018",89.13,89.1,89.3,88.78,-0.03%
"Feb 01, 2018",88.67,89.04,89.33,88.56,-0.52%
"Feb 02, 2018",89.19,88.64,89.42,88.59,0.59%
"Feb 05, 2018",89.55,89.35,89.7,89.02,0.40%
"Feb 06, 2018",89.58,89.66,90.03,89.37,0.03%
"Feb 07, 2018",90.25,89.63,90.4,89.47,0.75%
"Feb 08, 2018",90.23,90.27,90.57,90.01,-0.02%
"Feb 09, 2018",90.44,90.25,90.56,90.12,0.23%
"Feb 12, 2018",90.21,90.35,90.43,90.07,-0.25%
"Feb 13, 2018",89.7,90.09,90.18,89.61,-0.57%
"Feb 14, 2018",89.12,89.69,90.12,88.94,-0.65%
"Feb 15, 2018",88.59,88.96,89,88.54,-0.59%
"Feb 16, 2018",89.1,88.57,89.23,88.25,0.58%
"Feb 19, 2018",89.1,89.1,89.44,88.95,0.00%
"Feb 20, 2018",89.72,89.24,89.8,89.22,0.70%
"Feb 21, 2018",90,89.71,90.16,89.59,0.31%
"Feb 22, 2018",89.74,90.16,90.23,89.64,-0.29%
"Feb 23, 2018",89.88,89.78,90.06,89.76,0.16%
"Feb 26, 2018",89.85,89.96,90.05,89.5,-0.03%
"Feb 27, 2018",90.36,89.8,90.5,89.69,0.57%
"Feb 28, 2018",90.61,90.41,90.7,90.31,0.28%
"Mar 01, 2018",90.32,90.67,90.93,90.21,-0.32%
"Mar 02, 2018",89.94,90.25,90.29,89.88,-0.42%
"Mar 05, 2018",90.08,89.83,90.22,89.83,0.16%
"Mar 06, 2018",89.62,89.96,90.06,89.43,-0.51%
"Mar 07, 2018",89.64,89.51,89.78,89.41,0.02%
"Mar 08, 2018",90.18,89.59,90.23,89.44,0.60%
"Mar 09, 2018",90.09,90.2,90.36,90,-0.10%
"Mar 12, 2018",89.89,90.11,90.19,89.84,-0.22%
"Mar 13, 2018",89.66,89.91,90.11,89.59,-0.26%
"Mar 14, 2018",89.7,89.7,89.89,89.56,0.04%
"Mar 15, 2018",90.14,89.75,90.17,89.62,0.49%
"Mar 16, 2018",90.23,90.14,90.38,89.89,0.10%
"Mar 19, 2018",89.77,90.2,90.34,89.76,-0.51%
"Mar 20, 2018",90.37,89.88,90.44,89.85,0.67%
"Mar 21, 2018",89.78,90.41,90.4,89.63,-0.65%
"Mar 22, 2018",89.86,89.65,89.96,89.4,0.09%
"Mar 23, 2018",89.48,89.67,89.74,89.4,-0.42%
"Mar 26, 2018",89.03,89.47,89.52,88.98,-0.50%
"Mar 27, 2018",89.33,89.02,89.63,88.94,0.34%
"Mar 28, 2018",90.06,89.32,90.15,89.25,0.82%
"Mar 29, 2018",90.15,90.11,90.18,89.9,0.10%
"Mar 30, 2018",89.97,90.1,90.12,89.88,-0.20%
"Apr 02, 2018",90.05,89.97,90.15,89.82,0.09%
"Apr 03, 2018",90.2,90.02,90.28,89.85,0.17%
"Apr 04, 2018",90.14,90.16,90.23,89.92,-0.07%
"Apr 05, 2018",90.46,90.09,90.59,90.07,0.36%
"Apr 06, 2018",90.11,90.38,90.6,90.07,-0.39%
"Apr 09, 2018",89.84,90.07,90.27,89.82,-0.30%
"Apr 10, 2018",89.59,89.83,89.97,89.54,-0.28%
"Apr 11, 2018",89.57,89.58,89.67,89.36,-0.02%
"Apr 12, 2018",89.75,89.52,89.96,89.44,0.20%
"Apr 13, 2018",89.8,89.76,89.88,89.66,0.06%
"Apr 16, 2018",89.42,89.77,89.85,89.39,-0.42%
"Apr 17, 2018",89.52,89.41,89.67,89.23,0.11%
"Apr 18, 2018",89.62,89.5,89.78,89.45,0.11%
"Apr 19, 2018",89.94,89.62,89.95,89.5,0.36%
"Apr 20, 2018",90.32,89.9,90.48,89.89,0.42%
"Apr 23, 2018",90.95,90.35,90.98,90.32,0.70%
"Apr 24, 2018",90.77,90.92,91.08,90.71,-0.20%
"Apr 25, 2018",91.17,90.76,91.26,90.75,0.44%
"Apr 26, 2018",91.56,91.21,91.64,90.96,0.43%
"Apr 27, 2018",91.54,91.56,91.99,91.49,-0.02%
"Apr 30, 2018",91.84,91.53,91.92,91.48,0.33%
"May 01, 2018",92.45,91.81,92.57,91.8,0.66%
"May 02, 2018",92.51,92.47,92.83,92.22,0.06%
"May 03, 2018",92.41,92.72,92.76,92.34,-0.11%
"May 04, 2018",92.57,92.43,92.9,92.35,0.17%
"May 07, 2018",92.75,92.57,92.97,92.45,0.19%
"May 08, 2018",93.12,92.73,93.28,92.65,0.40%
"May 09, 2018",93.04,93.05,93.42,92.84,-0.09%
"May 10, 2018",92.65,93.08,93.16,92.54,-0.42%
"May 11, 2018",92.54,92.69,92.84,92.37,-0.12%
"May 14, 2018",92.59,92.55,92.69,92.24,0.05%
"May 15, 2018",93.22,92.65,93.46,92.61,0.68%
"May 16, 2018",93.39,93.31,93.63,93.14,0.18%
"May 17, 2018",93.47,93.26,93.56,93.12,0.09%
"May 18, 2018",93.64,93.5,93.83,93.34,0.18%
"May 21, 2018",93.68,93.69,94.06,93.51,0.04%
"May 22, 2018",93.61,93.54,93.73,93.29,-0.07%
"May 23, 2018",94,93.55,94.19,93.51,0.42%
"May 24, 2018",93.76,93.9,93.98,93.61,-0.26%
"May 25, 2018",94.19,93.8,94.3,93.75,0.46%
"May 28, 2018",94.19,94.25,94.5,93.86,0.00%
"May 29, 2018",94.83,94.41,95.03,94.28,0.68%
"May 30, 2018",94.15,94.82,94.97,94.04,-0.72%
"May 31, 2018",93.98,94.07,94.25,93.72,-0.18%
"Jun 01, 2018",94.19,93.95,94.45,93.88,0.22%
"Jun 04, 2018",94.02,94.16,94.19,93.66,-0.18%
"Jun 05, 2018",93.9,94.06,94.32,93.78,-0.13%
"Jun 06, 2018",93.66,93.88,93.89,93.42,-0.26%
"Jun 07, 2018",93.4,93.58,93.59,93.21,-0.28%
"Jun 08, 2018",93.55,93.44,93.82,93.39,0.16%
"Jun 11, 2018",93.58,93.54,93.68,93.37,0.03%
"Jun 12, 2018",93.8,93.67,93.91,93.47,0.24%
"Jun 13, 2018",93.71,93.83,94.03,93.52,-0.10%
"Jun 14, 2018",94.77,93.5,94.93,93.19,1.13%
"Jun 15, 2018",94.79,94.91,95.13,94.65,0.02%
"Jun 18, 2018",94.8,94.79,95.05,94.7,0.01%
"Jun 19, 2018",95.08,94.63,95.3,94.53,0.30%
"Jun 20, 2018",95.06,94.97,95.3,94.92,-0.02%
"Jun 21, 2018",94.74,95.13,95.53,94.68,-0.34%
"Jun 22, 2018",94.52,94.86,94.88,94.43,-0.23%
"Jun 25, 2018",94.28,94.5,94.7,94.21,-0.25%
"Jun 26, 2018",94.66,94.29,94.77,94.17,0.40%
"Jun 27, 2018",95.27,94.67,95.42,94.53,0.64%
"Jun 28, 2018",95.39,95.27,95.53,95.09,0.13%
"Jun 29, 2018",94.64,95.3,95.32,94.47,-0.79%
"Jul 02, 2018",95.03,94.63,95.14,94.53,0.41%
"Jul 03, 2018",94.67,94.84,94.98,94.56,-0.38%
"Jul 04, 2018",94.67,94.52,94.71,94.4,0.00%
"Jul 05, 2018",94.47,94.51,94.59,94.18,-0.21%
"Jul 06, 2018",94.04,94.36,94.49,93.92,-0.46%
"Jul 09, 2018",94.08,93.97,94.21,93.71,0.04%
"Jul 10, 2018",94.15,94.06,94.47,94.02,0.07%
"Jul 11, 2018",94.72,94.2,94.77,94.09,0.61%
"Jul 12, 2018",94.81,94.7,94.94,94.64,0.10%
"Jul 13, 2018",94.75,94.89,95.24,94.67,-0.06%
"Jul 16, 2018",94.51,94.69,94.77,94.41,-0.25%
"Jul 17, 2018",94.94,94.55,95.06,94.3,0.45%
"Jul 18, 2018",95.08,95.03,95.41,94.96,0.15%
"Jul 19, 2018",95.15,95.08,95.65,94.93,0.07%
"Jul 20, 2018",94.45,95.13,95.28,94.36,-0.74%
"Jul 23, 2018",94.67,94.43,94.72,94.21,0.23%
"Jul 24, 2018",94.61,94.67,94.86,94.4,-0.06%
"Jul 25, 2018",94.36,94.59,94.67,94.14,-0.26%
"Jul 26, 2018",94.75,94.16,94.8,94.08,0.41%
"Jul 27, 2018",94.67,94.76,94.91,94.63,-0.08%
"Jul 30, 2018",94.32,94.66,94.76,94.26,-0.37%
"Jul 31, 2018",94.49,94.33,94.57,94.16,0.18%
"Aug 01, 2018",94.62,94.56,94.71,94.49,0.14%
"Aug 02, 2018",95.16,94.63,95.19,94.61,0.57%
"Aug 03, 2018",95.14,95.18,95.37,94.98,-0.02%
"Aug 06, 2018",95.36,95.2,95.52,95.2,0.23%
"Aug 07, 2018",95.22,95.34,95.37,94.99,-0.15%
"Aug 08, 2018",95.05,95.14,95.42,94.99,-0.18%
"Aug 09, 2018",95.5,95.1,95.62,95.03,0.47%
"Aug 10, 2018",96.36,95.64,96.45,95.53,0.90%
"Aug 13, 2018",96.39,96.32,96.52,96.16,0.03%
"Aug 14, 2018",96.73,96.33,96.79,96.14,0.35%
"Aug 15, 2018",96.7,96.66,96.98,96.65,-0.03%
"Aug 16, 2018",96.64,96.72,96.77,96.32,-0.06%
"Aug 17, 2018",96.1,96.61,96.66,96.09,-0.56%
"Aug 20, 2018",95.9,96.13,96.4,95.73,-0.21%
"Aug 21, 2018",95.26,95.74,95.75,95.08,-0.67%
"Aug 22, 2018",95.15,95.21,95.38,94.93,-0.12%
"Aug 23, 2018",95.67,95.17,95.71,95.15,0.55%
"Aug 24, 2018",95.15,95.64,95.69,95.03,-0.54%
"Aug 27, 2018",94.78,95.17,95.3,94.69,-0.39%
"Aug 28, 2018",94.72,94.77,94.91,94.43,-0.06%
"Aug 29, 2018",94.6,94.73,94.93,94.53,-0.13%
"Aug 30, 2018",94.72,94.53,94.9,94.47,0.13%
"Aug 31, 2018",95.14,94.7,95.22,94.55,0.44%
"Sep 03, 2018",95.14,95.19,95.22,95.01,0.00%
"Sep 04, 2018",95.44,95.14,95.74,95.14,0.32%
"Sep 05, 2018",95.18,95.4,95.66,95.08,-0.27%
"Sep 06, 2018",95.02,95.1,95.21,94.93,-0.17%
"Sep 07, 2018",95.36,95.02,95.46,94.87,0.36%
"Sep 10, 2018",95.15,95.43,95.56,95.03,-0.22%
"Sep 11, 2018",95.25,95.15,95.35,94.88,0.11%
"Sep 12, 2018",94.8,95.1,95.28,94.73,-0.47%
"Sep 13, 2018",94.52,94.83,94.97,94.43,-0.30%
"Sep 14, 2018",94.93,94.55,95,94.36,0.43%
"Sep 17, 2018",94.5,94.93,94.98,94.44,-0.45%
"Sep 18, 2018",94.64,94.61,94.73,94.31,0.15%
"Sep 19, 2018",94.54,94.54,94.73,94.32,-0.11%
"Sep 20, 2018",93.91,94.55,94.56,93.83,-0.67%
"Sep 21, 2018",94.22,93.89,94.33,93.81,0.33%
"Sep 24, 2018",94.19,94.23,94.37,93.84,-0.03%
"Sep 25, 2018",94.13,94.25,94.37,94.01,-0.06%
"Sep 26, 2018",94.19,94.17,94.4,93.95,0.06%
"Sep 27, 2018",94.89,94.25,95.01,94.21,0.74%
"Sep 28, 2018",95.13,95.02,95.37,94.92,0.25%
"Oct 01, 2018",95.3,95.11,95.37,95,0.18%
"Oct 02, 2018",95.51,95.3,95.74,95.26,0.22%
"Oct 03, 2018",95.76,95.46,96.12,95.26,0.26%
"Oct 04, 2018",95.75,96.05,96.12,95.55,-0.01%
"Oct 05, 2018",95.62,95.76,95.94,95.52,-0.14%
"Oct 08, 2018",95.76,95.62,96.03,95.59,0.15%
"Oct 09, 2018",95.67,95.75,96.16,95.64,-0.09%
"Oct 10, 2018",95.51,95.59,95.79,95.38,-0.17%
"Oct 11, 2018",95.02,95.43,95.43,94.99,-0.51%
"Oct 12, 2018",95.22,95.04,95.37,94.95,0.21%
"Oct 15, 2018",95.06,95.35,95.37,94.95,-0.17%
"Oct 16, 2018",95.05,95.05,95.2,94.79,-0.01%
"Oct 17, 2018",95.58,95.09,95.66,95.06,0.56%
"Oct 18, 2018",95.9,95.66,95.99,95.49,0.33%
"Oct 19, 2018",95.71,95.95,96.09,95.54,-0.20%
"Oct 22, 2018",96.01,95.66,96.09,95.47,0.31%
"Oct 23, 2018",95.96,96.03,96.16,95.81,-0.05%
"Oct 24, 2018",96.43,95.92,96.53,95.91,0.49%
"Oct 25, 2018",96.68,96.36,96.73,96.21,0.26%
"Oct 26, 2018",96.36,96.59,96.86,96.29,-0.33%
"Oct 29, 2018",96.58,96.44,96.7,96.35,0.23%
"Oct 30, 2018",97.01,96.66,97.02,96.62,0.45%
"Oct 31, 2018",97.13,96.99,97.2,96.88,0.12%
"Nov 01, 2018",96.28,97.08,97.11,96.2,-0.88%
"Nov 02, 2018",96.54,96.31,96.59,95.99,0.27%
"Nov 05, 2018",96.28,96.44,96.68,96.25,-0.27%
"Nov 06, 2018",96.32,96.33,96.45,96.14,0.04%
"Nov 07, 2018",96,95.99,96.46,95.68,-0.33%
"Nov 08, 2018",96.72,96.19,96.74,96.07,0.75%
"Nov 09, 2018",96.91,96.63,97.01,96.62,0.20%
"Nov 12, 2018",97.54,97.05,97.69,96.97,0.65%
"Nov 13, 2018",97.3,97.6,97.66,96.94,-0.25%
"Nov 14, 2018",96.8,97.03,97.41,96.75,-0.51%
"Nov 15, 2018",96.93,97.01,97.39,96.77,0.13%
"Nov 16, 2018",96.47,97.05,97.06,96.4,-0.47%
"Nov 19, 2018",96.19,96.43,96.57,96.12,-0.29%
"Nov 20, 2018",96.84,96.2,96.89,96.04,0.68%
"Nov 21, 2018",96.71,96.82,96.87,96.5,-0.13%
"Nov 22, 2018",96.71,96.72,96.72,96.32,0.00%
"Nov 23, 2018",96.92,96.51,96.98,96.4,0.22%
"Nov 26, 2018",97.07,96.93,97.1,96.66,0.15%
"Nov 27, 2018",97.37,97.03,97.5,96.97,0.31%
"Nov 28, 2018",96.79,97.37,97.54,96.69,-0.60%
"Nov 29, 2018",96.78,96.84,97,96.63,-0.01%
"Nov 30, 2018",97.27,96.76,97.31,96.71,0.51%
"Dec 03, 2018",97.04,97.13,97.16,96.71,-0.24%
"Dec 04, 2018",96.97,96.94,97.13,96.38,-0.07%
"Dec 05, 2018",97.07,97.01,97.2,96.83,0.10%
"Dec 06, 2018",96.81,97.01,97.2,96.55,-0.27%
"Dec 07, 2018",96.51,96.8,96.92,96.51,-0.31%
"Dec 10, 2018",97.22,96.72,97.24,96.36,0.74%
"Dec 11, 2018",97.39,97.18,97.55,96.87,0.17%
"Dec 12, 2018",97.04,97.38,97.49,96.89,-0.36%
"Dec 13, 2018",97.06,97.04,97.29,96.88,0.02%
"Dec 14, 2018",97.44,97.09,97.71,97.08,0.39%
"Dec 17, 2018",97.1,97.43,97.46,97.05,-0.35%
"Dec 18, 2018",97.1,97.13,97.17,96.7,0.00%
"Dec 19, 2018",97.03,96.91,97.1,96.55,-0.07%
"Dec 20, 2018",96.28,96.99,97.04,96.17,-0.77%
"Dec 21, 2018",96.96,96.39,97.05,96.25,0.71%
"Dec 24, 2018",96.55,96.94,96.94,96.38,-0.42%
"Dec 25, 2018",96.55,96.56,96.96,96.47,0.00%
"Dec 26, 2018",97.05,96.58,97.12,96.53,0.52%
"Dec 27, 2018",96.48,96.92,96.94,96.41,-0.59%
"Dec 28, 2018",96.4,96.51,96.52,96.19,-0.08%
"Dec 31, 2018",96.17,96.4,96.51,96,-0.24%
"Jan 01, 2019",96.17,96.15,96.32,95.65,0.00%
"Jan 02, 2019",96.82,96.14,96.96,95.82,0.68%
"Jan 03, 2019",96.31,96.72,96.75,96.21,-0.53%
"Jan 04, 2019",96.18,96.28,96.61,96.05,-0.13%
"Jan 07, 2019",95.67,96.16,96.16,95.64,-0.53%
"Jan 08, 2019",95.9,95.69,96.03,95.68,0.24%
"Jan 09, 2019",95.22,95.81,95.92,95.12,-0.71%
"Jan 10, 2019",95.54,95.16,95.62,95.03,0.34%
"Jan 11, 2019",95.67,95.44,95.76,95.19,0.14%
"Jan 14, 2019",95.61,95.65,95.72,95.48,-0.06%
"Jan 15, 2019",96.04,95.57,96.26,95.47,0.45%
"Jan 16, 2019",96.06,95.94,96.18,95.86,0.02%
"Jan 17, 2019",96.06,96.07,96.26,95.98,0.00%
"Jan 18, 2019",96.34,96.07,96.39,96.01,0.29%
"Jan 21, 2019",96.34,96.35,96.43,96.2,0.00%
"Jan 22, 2019",96.3,96.34,96.48,96.22,-0.04%
"Jan 23, 2019",96.12,96.31,96.37,96.05,-0.19%
"Jan 24, 2019",96.6,96.07,96.68,96.04,0.50%
"Jan 25, 2019",95.79,96.49,96.53,95.74,-0.84%
"Jan 28, 2019",95.75,95.79,95.92,95.64,-0.04%
"Jan 29, 2019",95.82,95.74,95.87,95.62,0.07%
"Jan 30, 2019",95.34,95.79,95.98,95.25,-0.50%
"Jan 31, 2019",95.58,95.35,95.62,95.16,0.25%
"Feb 01, 2019",95.58,95.55,95.66,95.4,0.00%
"Feb 04, 2019",95.85,95.6,95.92,95.57,0.28%
"Feb 05, 2019",96.07,95.83,96.12,95.81,0.23%
"Feb 06, 2019",96.39,96.06,96.42,96.04,0.33%
"Feb 07, 2019",96.51,96.39,96.67,96.38,0.12%
"Feb 08, 2019",96.64,96.6,96.69,96.45,0.13%
"Feb 11, 2019",97.06,96.66,97.12,96.62,0.43%
"Feb 12, 2019",96.71,97.06,97.2,96.65,-0.36%
"Feb 13, 2019",97.13,96.73,97.26,96.63,0.43%
"Feb 14, 2019",96.98,97.14,97.28,96.95,-0.15%
"Feb 15, 2019",96.9,97.06,97.37,96.83,-0.08%
"Feb 18, 2019",96.9,96.81,96.9,96.65,0.00%
"Feb 19, 2019",96.52,96.81,97.08,96.43,-0.39%
"Feb 20, 2019",96.45,96.53,96.65,96.29,-0.07%
"Feb 21, 2019",96.61,96.49,96.66,96.36,0.17%
"Feb 22, 2019",96.51,96.59,96.78,96.42,-0.10%
"Feb 25, 2019",96.41,96.52,96.6,96.32,-0.10%
"Feb 26, 2019",96,96.39,96.46,95.95,-0.43%
"Feb 27, 2019",96.15,96.06,96.19,95.88,0.16%
"Feb 28, 2019",96.16,96.09,96.28,95.82,0.01%
"Mar 01, 2019",96.53,96.22,96.55,96.07,0.38%
"Mar 04, 2019",96.68,96.34,96.82,96.33,0.16%
"Mar 05, 2019",96.87,96.67,97.01,96.66,0.20%
"Mar 06, 2019",96.87,96.9,96.99,96.78,0.00%
"Mar 07, 2019",97.67,96.83,97.71,96.81,0.83%
"Mar 08, 2019",97.31,97.61,97.64,97.25,-0.37%
"Mar 11, 2019",97.22,97.39,97.45,96.92,-0.09%
"Mar 12, 2019",96.94,97.05,97.28,96.86,-0.29%
"Mar 13, 2019",96.55,97.01,97.02,96.39,-0.40%
"Mar 14, 2019",96.78,96.49,96.82,96.47,0.24%
"Mar 15, 2019",96.59,96.72,96.79,96.49,-0.20%
"Mar 18, 2019",96.52,96.56,96.63,96.38,-0.07%
"Mar 19, 2019",96.38,96.51,96.52,96.29,-0.15%
"Mar 20, 2019",95.76,96.4,96.57,95.74,-0.64%
"Mar 21, 2019",96.5,95.91,96.62,95.84,0.77%
"Mar 22, 2019",96.65,96.32,96.81,96.21,0.16%
"Mar 25, 2019",96.57,96.64,96.68,96.41,-0.08%
"Mar 26, 2019",96.74,96.5,96.84,96.45,0.18%
"Mar 27, 2019",96.77,96.75,96.98,96.68,0.03%
"Mar 28, 2019",97.2,96.97,97.3,96.82,0.44%
"Mar 29, 2019",97.28,97.2,97.34,97,0.08%
"Apr 01, 2019",97.23,97.18,97.39,97.03,-0.05%
"Apr 02, 2019",97.36,97.33,97.52,97.27,0.13%
"Apr 03, 2019",97.09,97.3,97.32,96.96,-0.28%
"Apr 04, 2019",97.31,97.04,97.34,97.02,0.23%
"Apr 05, 2019",97.39,97.3,97.47,97.19,0.08%
"Apr 08, 2019",97.05,97.39,97.4,96.98,-0.35%
"Apr 09, 2019",97.01,97.08,97.08,96.86,-0.04%
"Apr 10, 2019",96.95,96.99,97.22,96.85,-0.06%
"Apr 11, 2019",97.18,96.89,97.19,96.88,0.24%
"Apr 12, 2019",96.97,97.14,97.18,96.75,-0.22%
"Apr 15, 2019",96.94,96.92,96.96,96.79,-0.03%
"Apr 16, 2019",97.04,96.93,97.09,96.88,0.10%
"Apr 17, 2019",97.01,97.07,97.12,96.82,-0.03%
"Apr 18, 2019",97.47,97.01,97.48,96.96,0.47%
"Apr 19, 2019",97.38,97.42,97.43,97.33,-0.09%
"Apr 22, 2019",97.29,97.38,97.41,97.26,-0.09%
"Apr 23, 2019",97.64,97.28,97.78,97.28,0.36%
"Apr 24, 2019",98.17,97.59,98.19,97.59,0.54%
"Apr 25, 2019",98.2,98.1,98.32,97.99,0.03%
"Apr 26, 2019",98.01,98.12,98.33,97.85,-0.19%
"Apr 29, 2019",97.86,98.03,98.1,97.83,-0.15%
"Apr 30, 2019",97.48,97.84,97.89,97.44,-0.39%
"May 01, 2019",97.69,97.53,97.73,97.15,0.22%
"May 02, 2019",97.83,97.63,97.85,97.51,0.14%
"May 03, 2019",97.52,97.83,98.1,97.41,-0.32%
"May 06, 2019",97.52,97.56,97.7,97.46,0.00%
"May 07, 2019",97.63,97.52,97.74,97.38,0.11%
"May 08, 2019",97.62,97.57,97.68,97.42,-0.01%
"May 09, 2019",97.37,97.58,97.7,97.24,-0.26%
"May 10, 2019",97.33,97.43,97.45,97.13,-0.04%
"May 13, 2019",97.32,97.3,97.38,97.03,-0.01%
"May 14, 2019",97.53,97.32,97.56,97.27,0.22%
"May 15, 2019",97.57,97.53,97.7,97.44,0.04%
"May 16, 2019",97.86,97.54,97.88,97.44,0.30%
"May 17, 2019",98,97.83,98.03,97.77,0.14%
"May 20, 2019",97.93,97.96,98.04,97.88,-0.07%
"May 21, 2019",98.06,97.92,98.13,97.82,0.13%
"May 22, 2019",98.04,98.02,98.12,97.89,-0.02%
"May 23, 2019",97.86,98.06,98.37,97.81,-0.18%
"May 24, 2019",97.61,97.83,97.91,97.55,-0.26%
"May 27, 2019",97.61,97.57,97.79,97.55,0.00%
"May 28, 2019",97.95,97.74,97.98,97.7,0.35%
"May 29, 2019",98.14,97.92,98.21,97.86,0.19%
"May 30, 2019",98.14,98.13,98.28,98.09,0.00%
"May 31, 2019",97.75,98.15,98.17,97.61,-0.40%
"Jun 03, 2019",97.14,97.64,97.8,97.11,-0.62%
"Jun 04, 2019",97.07,97.21,97.33,97,-0.07%
"Jun 05, 2019",97.32,97.12,97.37,96.75,0.26%
"Jun 06, 2019",97.04,97.29,97.35,96.78,-0.29%
"Jun 07, 2019",96.54,97.01,97.18,96.46,-0.52%
"Jun 10, 2019",96.76,96.64,96.94,96.63,0.23%
"Jun 11, 2019",96.69,96.75,96.88,96.64,-0.07%
"Jun 12, 2019",97,96.71,97.02,96.58,0.32%
"Jun 13, 2019",97.01,96.96,97.08,96.87,0.01%
"Jun 14, 2019",97.57,97.01,97.58,96.94,0.58%
"Jun 17, 2019",97.56,97.52,97.6,97.34,-0.01%
"Jun 18, 2019",97.64,97.53,97.77,97.37,0.08%
"Jun 19, 2019",97.12,97.63,97.68,97.09,-0.53%
"Jun 20, 2019",96.63,97.17,97.2,96.57,-0.50%
"Jun 21, 2019",96.22,96.62,96.71,96.09,-0.42%
"Jun 24, 2019",95.98,96.18,96.2,95.97,-0.25%
"Jun 25, 2019",96.14,96,96.36,95.84,0.17%
"Jun 26, 2019",96.21,96.18,96.34,96.07,0.07%
"Jun 27, 2019",96.19,96.17,96.39,96.14,-0.02%
"Jun 28, 2019",96.13,96.19,96.3,96.02,-0.06%
"Jul 01, 2019",96.84,96.25,96.87,96.25,0.74%
"Jul 02, 2019",96.73,96.81,96.88,96.6,-0.11%
"Jul 03, 2019",96.77,96.73,96.87,96.59,0.04%
"Jul 04, 2019",96.77,96.71,96.81,96.66,0.00%
"Jul 05, 2019",97.29,96.72,97.44,96.72,0.54%
"Jul 08, 2019",97.38,97.23,97.42,97.16,0.09%
"Jul 09, 2019",97.49,97.38,97.59,97.36,0.11%
"Jul 10, 2019",97.1,97.51,97.55,97.03,-0.40%
"Jul 11, 2019",97.05,97.06,97.15,96.8,-0.05%
"Jul 12, 2019",96.81,97.08,97.12,96.72,-0.25%
"Jul 15, 2019",96.93,96.84,96.97,96.75,0.12%
"Jul 16, 2019",97.39,96.92,97.44,96.92,0.47%
"Jul 17, 2019",97.22,97.36,97.44,97.16,-0.17%
"Jul 18, 2019",96.79,97.19,97.26,96.67,-0.44%
"Jul 19, 2019",97.15,96.82,97.29,96.76,0.37%
"Jul 22, 2019",97.26,97.14,97.3,97.13,0.11%
"Jul 23, 2019",97.7,97.3,97.74,97.3,0.45%
"Jul 24, 2019",97.73,97.72,97.81,97.55,0.03%
"Jul 25, 2019",97.82,97.69,97.92,97.5,0.09%
"Jul 26, 2019",98.01,97.79,98.09,97.76,0.19%
"Jul 29, 2019",98.04,97.99,98.17,97.9,0.03%
"Jul 30, 2019",98.05,98.07,98.21,98.02,0.01%
"Jul 31, 2019",98.52,98.03,98.68,98,0.48%
"Aug 01, 2019",98.37,98.59,98.93,98.27,-0.15%
"Aug 02, 2019",98.07,98.41,98.45,98.05,-0.30%
"Aug 05, 2019",97.52,98.11,98.14,97.38,-0.56%
"Aug 06, 2019",97.63,97.25,97.77,97.21,0.11%
"Aug 07, 2019",97.54,97.56,97.85,97.31,-0.09%
"Aug 08, 2019",97.62,97.6,97.74,97.43,0.08%
"Aug 09, 2019",97.49,97.57,97.64,97.03,-0.13%
"Aug 12, 2019",97.38,97.53,97.74,97.32,-0.11%
"Aug 13, 2019",97.81,97.48,97.85,97.32,0.44%
"Aug 14, 2019",97.99,97.8,98.05,97.67,0.18%
"Aug 15, 2019",98.14,97.95,98.24,97.82,0.15%
"Aug 16, 2019",98.14,98.13,98.34,98.11,0.00%
"Aug 19, 2019",98.35,98.17,98.39,98.13,0.21%
"Aug 20, 2019",98.19,98.36,98.45,98.12,-0.16%
"Aug 21, 2019",98.3,98.17,98.33,97.95,0.11%
"Aug 22, 2019",98.17,98.25,98.39,98.08,-0.13%
"Aug 23, 2019",97.64,98.19,98.45,97.17,-0.54%
"Aug 26, 2019",98.08,97.59,98.09,97.48,0.45%
"Aug 27, 2019",98,98.05,98.05,97.86,-0.08%
"Aug 28, 2019",98.21,98.01,98.26,98,0.21%
"Aug 29, 2019",98.51,98.19,98.55,98.16,0.31%
"Aug 30, 2019",98.92,98.43,99.02,98.41,0.42%
"Sep 02, 2019",98.92,98.83,99.13,98.81,0.00%
"Sep 03, 2019",99,99.08,99.37,98.92,0.08%
"Sep 04, 2019",98.45,98.96,98.97,98.39,-0.56%
"Sep 05, 2019",98.41,98.4,98.53,98.08,-0.04%
"Sep 06, 2019",98.39,98.42,98.52,98.01,-0.02%
"Sep 09, 2019",98.28,98.42,98.51,98.14,-0.11%
"Sep 10, 2019",98.33,98.33,98.46,98.26,0.05%
"Sep 11, 2019",98.64,98.33,98.75,97.86,0.32%
"Sep 12, 2019",98.31,98.63,99.1,98.19,-0.33%
"Sep 13, 2019",98.26,98.41,98.43,97.86,-0.05%
"Sep 16, 2019",98.61,98.12,98.71,98.03,0.36%
"Sep 17, 2019",98.26,98.65,98.74,98.19,-0.35%
"Sep 18, 2019",98.56,98.21,98.69,98.19,0.31%
"Sep 19, 2019",98.27,98.57,98.62,98.2,-0.29%
"Sep 20, 2019",98.51,98.34,98.64,98.14,0.24%
"Sep 23, 2019",98.6,98.51,98.83,98.45,0.09%
"Sep 24, 2019",98.34,98.64,98.7,98.29,-0.26%
"Sep 25, 2019",99.04,98.38,99.06,98.36,0.71%
"Sep 26, 2019",99.13,98.96,99.28,98.84,0.09%
"Sep 27, 2019",99.11,99.19,99.31,98.99,-0.02%
"Sep 30, 2019",99.38,99.12,99.46,99.05,0.27%
"Oct 01, 2019",99.13,99.4,99.67,99.07,-0.25%
"Oct 02, 2019",99.02,99.16,99.42,98.96,-0.11%
"Oct 03, 2019",98.86,99.03,99.19,98.64,-0.16%
"Oct 04, 2019",98.81,98.87,99,98.73,-0.05%
"Oct 07, 2019",98.97,98.82,99,98.74,0.16%
"Oct 08, 2019",99.13,98.98,99.25,98.85,0.16%
"Oct 09, 2019",99.12,99.09,99.16,98.9,-0.01%
"Oct 10, 2019",98.7,98.98,99.07,98.62,-0.42%
"Oct 11, 2019",98.3,98.7,98.74,98.2,-0.41%
"Oct 14, 2019",98.45,98.36,98.53,98.34,0.15%
"Oct 15, 2019",98.29,98.45,98.64,98.21,-0.16%
"Oct 16, 2019",98,98.32,98.42,97.9,-0.30%
"Oct 17, 2019",97.61,97.99,98.11,97.5,-0.40%
"Oct 18, 2019",97.28,97.6,97.66,97.14,-0.34%
"Oct 21, 2019",97.33,97.34,97.4,97.15,0.05%
"Oct 22, 2019",97.53,97.31,97.57,97.26,0.21%
"Oct 23, 2019",97.49,97.49,97.65,97.42,-0.04%
"Oct 24, 2019",97.63,97.46,97.78,97.28,0.14%
"Oct 25, 2019",97.83,97.69,97.9,97.57,0.20%
"Oct 28, 2019",97.76,97.85,97.89,97.67,-0.07%
"Oct 29, 2019",97.69,97.75,97.93,97.61,-0.07%
"Oct 30, 2019",97.65,97.67,98,97.45,-0.04%
"Oct 31, 2019",97.35,97.44,97.45,97.22,-0.31%
"Nov 01, 2019",97.24,97.3,97.45,97.11,-0.11%
"Nov 04, 2019",97.5,97.22,97.58,97.17,0.27%
"Nov 05, 2019",97.98,97.55,98.01,97.47,0.49%
"Nov 06, 2019",97.95,97.94,97.98,97.78,-0.03%
"Nov 07, 2019",98.14,97.95,98.23,97.82,0.19%
"Nov 08, 2019",98.35,98.14,98.4,98.1,0.21%
"Nov 11, 2019",98.2,98.37,98.38,98.13,-0.15%
"Nov 12, 2019",98.31,98.21,98.42,98.21,0.11%
"Nov 13, 2019",98.37,98.33,98.45,98.29,0.06%
"Nov 14, 2019",98.16,98.34,98.42,98.11,-0.21%
"Nov 15, 2019",98,98.17,98.23,97.96,-0.16%
"Nov 18, 2019",97.79,97.98,97.98,97.68,-0.21%
"Nov 19, 2019",97.86,97.81,97.89,97.75,0.07%
"Nov 20, 2019",97.93,97.84,98.04,97.84,0.07%
"Nov 21, 2019",97.99,97.86,98.03,97.73,0.06%
"Nov 22, 2019",98.27,97.93,98.31,97.84,0.29%
"Nov 25, 2019",98.32,98.27,98.38,98.17,0.05%
"Nov 26, 2019",98.25,98.33,98.38,98.23,-0.07%
"Nov 27, 2019",98.37,98.3,98.44,98.28,0.12%
"Nov 28, 2019",98.37,98.33,98.4,98.26,0.00%
"Nov 29, 2019",98.27,98.34,98.54,98.22,-0.10%
"Dec 02, 2019",97.86,98.27,98.38,97.81,-0.42%
"Dec 03, 2019",97.74,97.89,97.94,97.64,-0.12%
"Dec 04, 2019",97.65,97.71,97.79,97.43,-0.09%
"Dec 05, 2019",97.41,97.59,97.59,97.36,-0.25%
"Dec 06, 2019",97.7,97.38,97.84,97.36,0.30%
"Dec 09, 2019",97.64,97.68,97.72,97.56,-0.06%
"Dec 10, 2019",97.41,97.65,97.66,97.4,-0.24%
"Dec 11, 2019",97.08,97.51,97.6,97.04,-0.34%
"Dec 12, 2019",97.4,97.08,97.52,96.59,0.33%
"Dec 13, 2019",97.17,96.78,97.24,96.72,-0.24%
"Dec 16, 2019",97.02,97.18,97.18,96.93,-0.15%
"Dec 17, 2019",97.22,97.14,97.3,97.03,0.21%
"Dec 18, 2019",97.4,97.23,97.47,97.22,0.19%
"Dec 19, 2019",97.38,97.4,97.49,97.22,-0.02%
"Dec 20, 2019",97.69,97.39,97.76,97.38,0.32%
"Dec 23, 2019",97.66,97.67,97.82,97.58,-0.03%
"Dec 24, 2019",97.65,97.66,97.8,97.61,-0.01%
"Dec 25, 2019",97.65,97.67,97.73,97.35,0.00%
"Dec 26, 2019",97.53,97.62,97.71,97.49,-0.12%
"Dec 27, 2019",96.92,97.54,97.55,96.92,-0.63%
"Dec 30, 2019",96.74,97.02,97.02,96.61,-0.19%
"Dec 31, 2019",96.39,96.73,96.73,96.36,-0.36%
"Jan 01, 2020",96.39,96.5,97.1,96.39,0.00%
"Jan 02, 2020",96.85,96.48,96.87,96.42,0.48%
"Jan 03, 2020",96.84,96.79,97.11,96.71,-0.01%
"Jan 06, 2020",96.67,96.9,96.9,96.54,-0.18%
"Jan 07, 2020",97,96.65,97.09,96.62,0.34%
"Jan 08, 2020",97.3,96.83,97.35,96.82,0.31%
"Jan 09, 2020",97.45,97.27,97.56,97.25,0.15%
"Jan 10, 2020",97.36,97.43,97.58,97.3,-0.09%
"Jan 13, 2020",97.34,97.35,97.53,97.31,-0.02%
"Jan 14, 2020",97.37,97.36,97.56,97.33,0.03%
"Jan 15, 2020",97.23,97.38,97.44,97.16,-0.14%
"Jan 16, 2020",97.32,97.18,97.36,97.08,0.09%
"Jan 17, 2020",97.64,97.3,97.66,97.27,0.33%
"Jan 20, 2020",97.61,97.64,97.73,97.58,-0.03%
"Jan 21, 2020",97.53,97.63,97.66,97.39,-0.08%
"Jan 22, 2020",97.53,97.62,97.69,97.44,0.00%
"Jan 23, 2020",97.69,97.48,97.8,97.43,0.16%
"Jan 24, 2020",97.85,97.72,97.95,97.67,0.16%
"Jan 27, 2020",97.96,97.88,98,97.78,0.11%
"Jan 28, 2020",98.02,97.95,98.16,97.9,0.06%
"Jan 29, 2020",97.99,97.95,98.19,97.94,-0.03%
"Jan 30, 2020",97.87,98.03,98.07,97.79,-0.12%
"Jan 31, 2020",97.39,97.87,97.97,97.35,-0.49%
"Feb 03, 2020",97.8,97.37,97.89,97.37,0.42%
"Feb 04, 2020",97.96,97.82,98.01,97.79,0.16%
"Feb 05, 2020",98.3,97.94,98.32,97.9,0.35%
"Feb 06, 2020",98.5,98.29,98.57,98.21,0.20%
"Feb 07, 2020",98.68,98.46,98.72,98.42,0.18%
"Feb 10, 2020",98.83,98.7,98.88,98.6,0.15%
"Feb 11, 2020",98.72,98.86,98.95,98.71,-0.11%
"Feb 12, 2020",99.05,98.77,99.05,98.7,0.33%
"Feb 13, 2020",99.07,98.99,99.11,98.85,0.02%
"Feb 14, 2020",99.12,99.12,99.17,99,0.05%
"Feb 17, 2020",99,99.16,99.21,99,-0.12%
"Feb 18, 2020",99.44,99.19,99.47,99.14,0.44%
"Feb 19, 2020",99.7,99.43,99.72,99.38,0.26%
"Feb 20, 2020",99.86,99.54,99.91,99.53,0.16%
"Feb 21, 2020",99.26,99.86,99.87,99.23,-0.60%
"Feb 24, 2020",99.36,99.34,99.64,99.11,0.10%
"Feb 25, 2020",98.97,99.33,99.39,98.88,-0.39%
"Feb 26, 2020",99,99.08,99.27,98.91,0.03%
"Feb 27, 2020",98.51,99.02,99.05,98.36,-0.49%
"Feb 28, 2020",98.13,98.42,98.66,97.96,-0.39%
"Mar 02, 2020",97.36,98.12,98.12,97.18,-0.78%
"Mar 03, 2020",97.15,97.56,97.69,96.98,-0.22%
"Mar 04, 2020",97.34,97.17,97.59,97.12,0.20%
"Mar 05, 2020",96.82,97.38,97.44,96.52,-0.53%
"Mar 06, 2020",95.95,96.61,96.7,95.71,-0.90%
"Mar 09, 2020",94.89,96.11,95.79,94.65,-1.10%
"Mar 10, 2020",96.41,95.34,96.58,95.23,1.60%
"Mar 11, 2020",96.51,96.33,96.69,95.91,0.10%
"Mar 12, 2020",97.47,96.65,98.31,96.08,0.99%
"Mar 13, 2020",98.75,97.45,98.81,97.33,1.31%
"Mar 16, 2020",98.07,98.7,98.7,97.45,-0.69%
"Mar 17, 2020",99.58,98.14,99.83,97.98,1.54%
"Mar 18, 2020",101.16,99.38,101.74,99.15,1.59%
"Mar 19, 2020",102.75,100.79,102.94,100.77,1.57%
"Mar 20, 2020",102.82,102.94,102.99,101.09,0.07%
"Mar 23, 2020",102.49,101.95,102.98,101.65,-0.32%
"Mar 24, 2020",102.04,102.13,102.21,101.05,-0.44%
"Mar 25, 2020",101.05,101.6,101.91,100.84,-0.97%
"Mar 26, 2020",99.35,100.96,101.02,99.24,-1.68%
"Mar 27, 2020",98.36,99.29,99.81,98.27,-1.00%
"Mar 30, 2020",99.18,98.31,99.32,98.29,0.83%
"Mar 31, 2020",99.05,99.25,99.95,98.89,-0.13%
"Apr 01, 2020",99.67,99.01,99.84,98.91,0.63%
"Apr 02, 2020",100.18,99.51,100.41,99.33,0.51%
"Apr 03, 2020",100.58,100.2,100.85,100.14,0.40%
"Apr 06, 2020",100.69,100.66,100.93,100.47,0.11%
"Apr 07, 2020",99.9,100.75,100.79,99.77,-0.78%
"Apr 08, 2020",100.12,99.91,100.43,99.9,0.22%
"Apr 09, 2020",99.52,100.13,100.3,99.36,-0.60%
"Apr 10, 2020",99.52,99.58,99.63,99.36,0.00%
"Apr 13, 2020",99.35,99.49,99.63,99.14,-0.17%
"Apr 14, 2020",98.89,99.38,99.43,98.83,-0.46%
"Apr 15, 2020",99.46,98.82,99.98,98.82,0.58%
"Apr 16, 2020",100.03,99.63,100.3,99.61,0.57%
"Apr 17, 2020",99.78,99.86,100.29,99.62,-0.25%
"Apr 20, 2020",99.95,99.71,100.07,99.65,0.17%
"Apr 21, 2020",100.26,99.94,100.48,99.93,0.31%
"Apr 22, 2020",100.39,100.21,100.5,99.9,0.13%
"Apr 23, 2020",100.43,100.45,100.69,100.04,0.04%
"Apr 24, 2020",100.38,100.5,100.87,100.19,-0.05%
"Apr 27, 2020",100.04,100.23,100.32,99.83,-0.34%
"Apr 28, 2020",99.86,100.06,100.21,99.45,-0.18%
"Apr 29, 2020",99.56,99.88,99.89,99.47,-0.30%
"Apr 30, 2020",99.02,99.48,99.72,98.81,-0.54%
"May 01, 2020",99.08,99.13,99.21,98.64,0.06%
"May 04, 2020",99.48,98.56,99.6,98.56,0.40%
"May 05, 2020",99.71,99.51,99.97,99.3,0.23%
"May 06, 2020",100.09,99.79,100.2,99.75,0.38%
"May 07, 2020",99.89,100.21,100.4,99.81,-0.20%
"May 08, 2020",99.73,99.84,99.94,99.1,-0.16%
"May 11, 2020",100.24,99.12,100.28,99.12,0.50%
"May 12, 2020",99.93,100.23,100.44,99.66,-0.30%
"May 13, 2020",100.24,100.01,100.28,99.58,0.31%
"May 14, 2020",100.47,100.19,100.56,100.15,0.22%
"May 15, 2020",100.4,100.26,100.49,100.08,-0.06%
"May 18, 2020",99.67,100.36,100.47,99.58,-0.73%
"May 19, 2020",99.37,99.62,99.73,99.23,-0.29%
"May 20, 2020",99.12,99.55,99.56,99,-0.25%
"May 21, 2020",99.37,99.18,99.51,99.02,0.25%
"May 22, 2020",99.86,99.42,99.87,99.39,0.50%
"May 25, 2020",99.86,99.79,99.97,99.69,0.00%
"May 26, 2020",98.91,99.76,99.77,98.9,-0.96%
"May 27, 2020",99.06,99.02,99.34,98.72,0.16%
"May 28, 2020",98.38,98.91,99.09,98.35,-0.69%
"May 29, 2020",98.34,98.51,98.55,97.94,-0.04%
"Jun 01, 2020",97.83,98.3,98.32,97.79,-0.52%
"Jun 02, 2020",97.67,97.84,97.91,97.43,-0.16%
"Jun 03, 2020",97.28,97.57,97.63,97.18,-0.41%
"Jun 04, 2020",96.68,97.32,97.63,96.57,-0.62%
"Jun 05, 2020",96.94,96.74,97.03,96.44,0.27%
"Jun 08, 2020",96.62,96.84,97.07,96.6,-0.33%
"Jun 09, 2020",96.32,96.63,97.06,96.23,-0.30%
"Jun 10, 2020",95.96,96.43,96.46,95.72,-0.38%
"Jun 11, 2020",96.73,96.09,96.83,95.95,0.81%
"Jun 12, 2020",97.32,96.81,97.45,96.49,0.61%
"Jun 15, 2020",96.71,97.09,97.39,96.6,-0.63%
"Jun 16, 2020",96.96,96.56,97.25,96.43,0.26%
"Jun 17, 2020",97.16,97.01,97.34,96.8,0.21%
"Jun 18, 2020",97.42,97.08,97.58,96.95,0.27%
"Jun 19, 2020",97.62,97.42,97.72,97.16,0.21%
"Jun 22, 2020",97.04,97.66,97.74,97,-0.60%
"Jun 23, 2020",96.65,96.93,97.25,96.39,-0.40%
"Jun 24, 2020",97.15,96.66,97.24,96.55,0.52%
"Jun 25, 2020",97.43,97.24,97.6,97.16,0.29%
"Jun 26, 2020",97.43,97.35,97.68,97.26,0.00%
"Jun 29, 2020",97.54,97.5,97.65,97.11,0.11%
"Jun 30, 2020",97.39,97.4,97.8,97.23,-0.15%
"Jul 01, 2020",97.2,97.39,97.62,97.03,-0.20%
"Jul 02, 2020",97.32,97.14,97.34,96.81,0.12%
"Jul 03, 2020",97.17,97.21,97.36,97.12,-0.15%
"Jul 06, 2020",96.72,97.15,97.19,96.57,-0.46%
"Jul 07, 2020",96.88,96.75,97.15,96.6,0.16%
"Jul 08, 2020",96.43,96.99,97.05,96.4,-0.47%
"Jul 09, 2020",96.7,96.45,96.81,96.24,0.28%
"Jul 10, 2020",96.65,96.75,96.97,96.44,-0.05%
"Jul 13, 2020",96.46,96.66,96.68,96.27,-0.19%
"Jul 14, 2020",96.26,96.54,96.7,96.18,-0.21%
"Jul 15, 2020",96.08,96.17,96.25,95.78,-0.18%
"Jul 16, 2020",96.35,96,96.4,95.89,0.28%
"Jul 17, 2020",95.94,96.28,96.33,95.9,-0.42%
"Jul 20, 2020",95.83,96.01,96.18,95.73,-0.11%
"Jul 21, 2020",95.12,95.75,95.92,95.05,-0.75%
"Jul 22, 2020",94.99,95.13,95.41,94.83,-0.14%
"Jul 23, 2020",94.69,94.98,95.18,94.59,-0.31%
"Jul 24, 2020",94.43,94.77,94.83,94.33,-0.27%
"Jul 27, 2020",93.67,94.35,94.42,93.48,-0.81%
"Jul 28, 2020",93.7,93.58,94.01,93.49,0.03%
"Jul 29, 2020",93.45,93.75,93.8,93.18,-0.26%
"Jul 30, 2020",93.02,93.32,93.68,92.93,-0.46%
"Jul 31, 2020",93.35,92.82,93.54,92.55,0.35%
"Aug 03, 2020",93.54,93.46,93.99,93.32,0.21%
"Aug 04, 2020",93.38,93.56,93.83,93.23,-0.17%
"Aug 05, 2020",92.87,93.23,93.25,92.56,-0.55%
"Aug 06, 2020",92.79,92.77,93.09,92.52,-0.09%
"Aug 07, 2020",93.43,92.81,93.62,92.76,0.70%
"Aug 10, 2020",93.58,93.39,93.69,93.3,0.16%
"Aug 11, 2020",93.63,93.6,93.74,93.17,0.05%
"Aug 12, 2020",93.44,93.68,93.9,93.27,-0.20%
"Aug 13, 2020",93.33,93.36,93.39,92.93,-0.12%
"Aug 14, 2020",93.1,93.22,93.41,93.01,-0.26%
"Aug 17, 2020",92.85,93.1,93.12,92.77,-0.26%
"Aug 18, 2020",92.27,92.82,92.82,92.13,-0.62%
"Aug 19, 2020",92.89,92.28,93.05,92.15,0.67%
"Aug 20, 2020",92.79,92.96,93.24,92.73,-0.10%
"Aug 21, 2020",93.25,92.72,93.47,92.57,0.49%
"Aug 24, 2020",93.3,93.2,93.34,92.84,0.05%
"Aug 25, 2020",93.02,93.28,93.35,92.97,-0.30%
"Aug 26, 2020",93.01,93.02,93.36,92.85,-0.01%
"Aug 27, 2020",93,92.85,93.32,92.42,0.00%
"Aug 28, 2020",92.37,93.02,93.1,92.2,-0.68%
"Aug 31, 2020",92.14,92.3,92.48,91.99,-0.25%
"Sep 01, 2020",92.34,92.18,92.4,91.75,0.21%
"Sep 02, 2020",92.85,92.28,92.87,92.21,0.55%
"Sep 03, 2020",92.74,92.66,93.07,92.65,-0.12%
"Sep 04, 2020",92.72,92.8,93.24,92.66,-0.02%
"Sep 07, 2020",92.72,92.97,93.09,92.72,0.00%
"Sep 08, 2020",93.44,93.05,93.52,93,0.78%
"Sep 09, 2020",93.25,93.58,93.66,93.14,-0.20%
"Sep 10, 2020",93.34,93.23,93.45,92.7,0.09%
"Sep 11, 2020",93.33,93.33,93.38,93.1,0.00%
"Sep 14, 2020",93.05,93.29,93.33,92.87,-0.30%
"Sep 15, 2020",93.05,93.06,93.14,92.79,0.00%
"Sep 16, 2020",93.21,93.08,93.28,92.78,0.18%
"Sep 17, 2020",92.97,93.15,93.59,92.87,-0.26%
"Sep 18, 2020",92.93,92.86,93.01,92.77,-0.05%
"Sep 21, 2020",93.66,93,93.78,92.75,0.79%
"Sep 22, 2020",93.99,93.55,94.08,93.46,0.35%
"Sep 23, 2020",94.39,93.99,94.43,93.93,0.43%
"Sep 24, 2020",94.35,94.38,94.59,94.2,-0.04%
"Sep 25, 2020",94.64,94.32,94.74,94.19,0.31%
"Sep 28, 2020",94.28,94.58,94.64,94.15,-0.38%
"Sep 29, 2020",93.89,94.24,94.3,93.82,-0.41%
"Sep 30, 2020",93.89,93.85,94.19,93.67,0.00%
"Oct 01, 2020",93.71,93.8,93.92,93.53,-0.19%
"Oct 02, 2020",93.84,93.73,94.03,93.69,0.14%
"Oct 05, 2020",93.51,93.81,93.87,93.37,-0.35%
"Oct 06, 2020",93.69,93.43,93.85,93.33,0.18%
"Oct 07, 2020",93.63,93.83,93.9,93.56,-0.06%
"Oct 08, 2020",93.61,93.61,93.78,93.5,-0.03%
"Oct 09, 2020",93.06,93.56,93.59,93,-0.59%
"Oct 12, 2020",93.07,93.06,93.24,93.01,0.01%
"Oct 13, 2020",93.53,93.03,93.6,93.03,0.50%
"Oct 14, 2020",93.38,93.54,93.67,93.25,-0.16%
"Oct 15, 2020",93.86,93.43,93.9,93.37,0.51%
"Oct 16, 2020",93.68,93.8,93.88,93.53,-0.19%
"Oct 19, 2020",93.43,93.72,93.77,93.21,-0.27%
"Oct 20, 2020",93.07,93.42,93.5,93,-0.39%
"Oct 21, 2020",92.61,93.05,93.07,92.47,-0.49%
"Oct 22, 2020",92.95,92.67,92.97,92.61,0.37%
"Oct 23, 2020",92.77,92.93,93.13,92.66,-0.20%
"Oct 26, 2020",93.04,92.76,93.11,92.74,0.30%
"Oct 27, 2020",92.94,93.07,93.13,92.79,-0.11%
"Oct 28, 2020",93.4,93.15,93.64,93.05,0.50%
"Oct 29, 2020",93.96,93.46,94.1,93.33,0.59%
"Oct 30, 2020",94.04,93.92,94.08,93.65,0.09%
"Nov 02, 2020",94.13,93.89,94.29,93.89,0.10%
"Nov 03, 2020",93.55,94.05,94.05,93.29,-0.61%
"Nov 04, 2020",93.41,93.09,94.3,93.09,-0.16%
"Nov 05, 2020",92.53,93.34,93.54,92.49,-0.94%
"Nov 06, 2020",92.23,92.57,92.82,92.18,-0.32%
"Nov 09, 2020",92.72,92.24,92.96,92.13,0.54%
"Nov 10, 2020",92.75,92.76,92.97,92.6,0.03%
"Nov 11, 2020",93.04,92.7,93.21,92.61,0.32%
"Nov 12, 2020",92.96,93.01,93.14,92.78,-0.09%
"Nov 13, 2020",92.75,92.95,93,92.71,-0.22%
"Nov 16, 2020",92.64,92.72,92.84,92.46,-0.12%
"Nov 17, 2020",92.42,92.49,92.61,92.27,-0.24%
"Nov 18, 2020",92.32,92.44,92.51,92.21,-0.11%
"Nov 19, 2020",92.29,92.56,92.72,92.24,-0.02%
"Nov 20, 2020",92.39,92.34,92.43,92.21,0.11%
"Nov 23, 2020",92.5,92.4,92.8,92.02,0.12%
"Nov 24, 2020",92.23,92.53,92.56,92.13,-0.30%
"Nov 25, 2020",91.99,92.11,92.26,91.93,-0.25%
"Nov 26, 2020",91.99,91.95,92.17,91.85,0.00%
"Nov 27, 2020",91.79,92.02,92.05,91.76,-0.22%
"Nov 30, 2020",91.87,91.78,92.05,91.51,0.09%
"Dec 01, 2020",91.31,91.94,91.94,91.16,-0.61%
"Dec 02, 2020",91.12,91.19,91.5,90.99,-0.21%
"Dec 03, 2020",90.71,91.06,91.09,90.51,-0.44%
"Dec 04, 2020",90.7,90.71,90.87,90.48,-0.01%
"Dec 07, 2020",90.79,90.81,91.24,90.62,0.10%
"Dec 08, 2020",90.96,90.9,91.02,90.75,0.19%
"Dec 09, 2020",91.09,90.92,91.2,90.69,0.13%
"Dec 10, 2020",90.82,91.06,91.15,90.67,-0.29%
"Dec 11, 2020",90.98,90.74,91.04,90.62,0.17%
"Dec 14, 2020",90.71,90.98,90.98,90.42,-0.29%
"Dec 15, 2020",90.47,90.69,90.82,90.42,-0.26%
"Dec 16, 2020",90.45,90.49,90.7,90.13,-0.03%
"Dec 17, 2020",89.82,90.27,90.27,89.73,-0.69%
"Dec 18, 2020",90.02,89.83,90.13,89.83,0.22%
"Dec 21, 2020",90.04,89.92,91.02,89.92,0.03%
"Dec 22, 2020",90.65,90.09,90.72,90.06,0.68%
"Dec 23, 2020",90.41,90.52,90.67,90.16,-0.27%
"Dec 24, 2020",90.32,90.28,90.38,90.15,-0.10%
"Dec 25, 2020",90.32,90.33,90.42,90.21,0.00%
"Dec 28, 2020",90.34,90.22,90.38,89.98,0.02%
"Dec 29, 2020",89.99,90.21,90.23,89.85,-0.38%
"Dec 30, 2020",89.68,89.98,89.98,89.56,-0.35%
"Dec 31, 2020",89.94,89.61,89.98,89.52,0.29%
"Jan 01, 2021",89.94,89.93,89.94,89.93,0.00%
"Jan 04, 2021",89.87,89.93,89.94,89.42,-0.08%
"Jan 05, 2021",89.44,89.9,89.9,89.43,-0.48%
"Jan 06, 2021",89.53,89.48,89.8,89.21,0.11%
"Jan 07, 2021",89.83,89.32,89.97,89.32,0.33%
"Jan 08, 2021",90.1,89.83,90.25,89.66,0.30%
"Jan 11, 2021",90.46,90.07,90.73,90.03,0.41%
"Jan 12, 2021",90.09,90.52,90.62,90.03,-0.41%
"Jan 13, 2021",90.36,90,90.45,89.92,0.29%
"Jan 14, 2021",90.24,90.28,90.58,90.07,-0.13%
"Jan 15, 2021",90.77,90.22,90.8,90.22,0.59%
"Jan 18, 2021",90.76,90.78,90.95,90.71,-0.01%
"Jan 19, 2021",90.5,90.73,90.76,90.4,-0.29%
"Jan 20, 2021",90.47,90.41,90.7,90.28,-0.03%
"Jan 21, 2021",90.13,90.42,90.45,90.05,-0.38%
"Jan 22, 2021",90.24,90.05,90.31,90.05,0.12%
"Jan 25, 2021",90.39,90.23,90.52,90.08,0.17%
"Jan 26, 2021",90.17,90.39,90.61,90.12,-0.24%
"Jan 27, 2021",90.65,90.15,90.88,90.15,0.53%
"Jan 28, 2021",90.46,90.73,90.86,90.4,-0.21%
"Jan 29, 2021",90.58,90.56,90.78,90.36,0.14%
"Feb 01, 2021",90.98,90.53,91.06,90.5,0.44%
"Feb 02, 2021",91.2,91,91.29,90.8,0.24%
"Feb 03, 2021",91.17,91.05,91.31,90.99,-0.03%
"Feb 04, 2021",91.53,91.09,91.58,91.08,0.39%
"Feb 05, 2021",91.04,91.49,91.6,90.98,-0.53%
"Feb 08, 2021",90.93,91,91.24,90.9,-0.12%
"Feb 09, 2021",90.44,90.91,90.93,90.43,-0.54%
"Feb 10, 2021",90.37,90.49,90.53,90.25,-0.08%
"Feb 11, 2021",90.42,90.46,90.47,90.26,0.05%
"Feb 12, 2021",90.48,90.41,90.74,90.38,0.07%
"Feb 15, 2021",90.48,90.45,90.48,90.27,0.00%
"Feb 16, 2021",90.51,90.29,90.65,90.12,0.03%
"Feb 17, 2021",90.95,90.71,91.06,90.62,0.49%
"Feb 18, 2021",90.59,90.9,90.98,90.54,-0.39%
"Feb 19, 2021",90.36,90.57,90.65,90.18,-0.25%
"Feb 22, 2021",90.01,90.34,90.57,90,-0.39%
"Feb 23, 2021",90.17,90.02,90.26,89.94,0.18%
"Feb 24, 2021",90.18,90.1,90.43,89.98,0.01%
"Feb 25, 2021",90.13,90.07,90.29,89.68,-0.05%
"Feb 26, 2021",90.88,90.36,90.97,90.13,0.83%
"Mar 01, 2021",91.04,90.93,91.14,90.69,0.18%
"Mar 02, 2021",90.79,91.03,91.39,90.72,-0.28%
"Mar 03, 2021",90.95,90.79,91.06,90.63,0.18%
"Mar 04, 2021",91.63,91.01,91.67,90.97,0.75%
"Mar 05, 2021",91.98,91.66,92.19,91.62,0.38%
"Mar 08, 2021",92.31,91.99,92.42,91.84,0.37%
"Mar 09, 2021",91.96,92.46,92.5,91.91,-0.38%
"Mar 10, 2021",91.82,92.05,92.24,91.77,-0.15%
"Mar 11, 2021",91.42,91.79,91.88,91.36,-0.44%
"Mar 12, 2021",91.68,91.43,91.96,91.4,0.28%
"Mar 15, 2021",91.83,91.66,91.96,91.54,0.17%
"Mar 16, 2021",91.86,91.83,92.03,91.68,0.03%
"Mar 17, 2021",91.44,91.86,92,91.37,-0.46%
"Mar 18, 2021",91.86,91.4,91.9,91.3,0.46%
"Mar 19, 2021",91.92,91.83,92.17,91.66,0.06%
"Mar 22, 2021",91.74,92.07,92.15,91.71,-0.19%
"Mar 23, 2021",92.34,91.8,92.39,91.76,0.65%
"Mar 24, 2021",92.53,92.39,92.61,92.34,0.21%
"Mar 25, 2021",92.53,92.6,92.92,92.51,0.00%
"Mar 26, 2021",92.77,92.81,92.87,92.64,0.26%
"Mar 29, 2021",92.94,92.72,92.96,92.72,0.19%
"Mar 30, 2021",93.3,92.91,93.35,92.88,0.38%
"Mar 31, 2021",93.23,93.24,93.44,92.99,-0.07%
"Apr 01, 2021",92.93,93.22,93.34,92.88,-0.32%
"Apr 02, 2021",93.02,92.89,93.07,92.83,0.10%
"Apr 05, 2021",92.6,93.01,93.11,92.54,-0.46%
"Apr 06, 2021",92.33,92.57,92.79,92.27,-0.28%
"Apr 07, 2021",92.46,92.32,92.5,92.14,0.13%
"Apr 08, 2021",92.06,92.42,92.48,92,-0.43%
"Apr 09, 2021",92.16,92.07,92.41,92.03,0.11%
"Apr 12, 2021",92.14,92.18,92.33,92.01,-0.03%
"Apr 13, 2021",91.85,92.08,92.32,91.79,-0.31%
"Apr 14, 2021",91.69,91.83,91.83,91.57,-0.18%
"Apr 15, 2021",91.69,91.63,91.75,91.49,0.00%
"Apr 16, 2021",91.56,91.66,91.81,91.49,-0.15%
"Apr 19, 2021",91.07,91.54,91.75,91.03,-0.53%
"Apr 20, 2021",91.24,91.05,91.28,90.86,0.19%
"Apr 21, 2021",91.15,91.21,91.43,91.09,-0.09%
"Apr 22, 2021",91.33,91.11,91.42,91,0.20%
"Apr 23, 2021",90.86,91.29,91.3,90.81,-0.52%
"Apr 26, 2021",90.81,90.83,90.99,90.68,-0.06%
"Apr 27, 2021",90.91,90.88,91.07,90.81,0.11%
"Apr 28, 2021",90.61,90.9,91.13,90.55,-0.33%
"Apr 29, 2021",90.61,90.55,90.79,90.42,0.00%
"Apr 30, 2021",91.28,90.63,91.32,90.59,0.73%
"May 03, 2021",90.94,91.3,91.39,90.87,-0.37%
"May 04, 2021",91.29,91,91.4,90.99,0.38%
"May 05, 2021",91.31,91.28,91.44,91.17,0.02%
"May 06, 2021",90.95,91.27,91.38,90.88,-0.39%
"May 07, 2021",90.23,90.88,90.96,90.19,-0.79%
"May 10, 2021",90.21,90.23,90.34,90.04,-0.02%
"May 11, 2021",90.14,90.24,90.36,89.98,-0.08%
"May 12, 2021",90.71,90.19,90.8,90.16,0.63%
"May 13, 2021",90.75,90.75,90.91,90.59,0.04%
"May 14, 2021",90.32,90.76,90.8,90.28,-0.47%
"May 17, 2021",90.16,90.3,90.43,90.15,-0.17%
"May 18, 2021",89.75,90.18,90.2,89.69,-0.46%
"May 19, 2021",90.19,89.78,90.29,89.69,0.49%
"May 20, 2021",89.81,90.21,90.23,89.75,-0.42%
"May 21, 2021",90.02,89.78,90.15,89.65,0.23%
"May 24, 2021",89.84,90.03,90.1,89.76,-0.19%
"May 25, 2021",89.64,89.85,89.87,89.54,-0.23%
"May 26, 2021",90.04,89.69,90.11,89.59,0.45%
"May 27, 2021",89.97,90.08,90.18,89.89,-0.08%
"May 28, 2021",90.03,90.03,90.44,89.98,0.07%
"May 31, 2021",90.03,90.06,90.12,89.82,0.00%
"Jun 01, 2021",89.83,89.81,89.94,89.66,-0.22%
"Jun 02, 2021",89.91,89.92,90.25,89.86,0.09%
"Jun 03, 2021",90.51,89.93,90.55,89.89,0.67%
"Jun 04, 2021",90.14,90.47,90.63,90.03,-0.42%
"Jun 07, 2021",89.95,90.13,90.3,89.91,-0.21%
"Jun 08, 2021",90.08,89.99,90.18,89.96,0.14%
"Jun 09, 2021",90.12,90.13,90.17,89.84,0.05%
"Jun 10, 2021",90.07,90.14,90.31,89.98,-0.05%
"Jun 11, 2021",90.56,90.07,90.61,89.96,0.53%
"Jun 14, 2021",90.52,90.51,90.6,90.41,-0.04%
"Jun 15, 2021",90.54,90.48,90.68,90.35,0.02%
"Jun 16, 2021",91.13,90.54,91.4,90.44,0.65%
"Jun 17, 2021",91.89,91.43,92.01,91.31,0.83%
"Jun 18, 2021",92.22,91.88,92.4,91.81,0.37%
"Jun 21, 2021",91.9,92.32,92.37,91.83,-0.35%
"Jun 22, 2021",91.76,91.88,92.14,91.64,-0.16%
"Jun 23, 2021",91.8,91.73,91.9,91.51,0.05%
"Jun 24, 2021",91.81,91.8,91.91,91.66,0.01%
"Jun 25, 2021",91.85,91.83,91.88,91.53,0.04%
"Jun 28, 2021",91.89,91.81,92.01,91.7,0.04%
"Jun 29, 2021",92.05,91.88,92.19,91.86,0.18%
"Jun 30, 2021",92.44,92.08,92.45,92,0.42%
"Jul 01, 2021",92.6,92.35,92.6,92.26,0.17%
"Jul 02, 2021",92.23,92.57,92.74,92.18,-0.40%
"Jul 05, 2021",92.21,92.24,92.36,92.14,-0.02%
"Jul 06, 2021",92.55,92.24,92.66,92,0.36%
"Jul 07, 2021",92.64,92.53,92.85,92.43,0.11%
"Jul 08, 2021",92.42,92.7,92.79,92.24,-0.25%
"Jul 09, 2021",92.13,92.36,92.54,92.09,-0.31%
"Jul 12, 2021",92.26,92.1,92.42,92.08,0.14%
"Jul 13, 2021",92.75,92.23,92.81,92.14,0.53%
"Jul 14, 2021",92.41,92.8,92.83,92.35,-0.37%
"Jul 15, 2021",92.62,92.39,92.69,92.27,0.23%
"Jul 16, 2021",92.69,92.59,92.76,92.53,0.07%
"Jul 19, 2021",92.89,92.71,93.04,92.64,0.22%
"Jul 20, 2021",92.97,92.88,93.17,92.8,0.09%
"Jul 21, 2021",92.75,92.97,93.19,92.73,-0.24%
"Jul 22, 2021",92.82,92.8,92.92,92.51,0.07%
"Jul 23, 2021",92.91,92.81,93.02,92.78,0.10%
"Jul 26, 2021",92.65,92.91,92.96,92.53,-0.28%
"Jul 27, 2021",92.43,92.63,92.84,92.32,-0.23%
"Jul 28, 2021",92.32,92.46,92.75,92.24,-0.12%
"Jul 29, 2021",91.86,92.26,92.29,91.86,-0.50%
"Jul 30, 2021",92.17,91.85,92.2,91.78,0.34%
"Aug 02, 2021",92.05,92.09,92.17,91.91,-0.14%
"Aug 03, 2021",92.08,92.06,92.15,91.89,0.04%
"Aug 04, 2021",92.27,92.04,92.31,91.82,0.21%
"Aug 05, 2021",92.24,92.28,92.35,92.11,-0.03%
"Aug 06, 2021",92.8,92.26,92.84,92.26,0.60%
"Aug 09, 2021",92.94,92.78,92.99,92.72,0.16%
"Aug 10, 2021",93.06,92.98,93.14,92.94,0.12%
"Aug 11, 2021",92.92,93.07,93.19,92.8,-0.14%
"Aug 12, 2021",93.04,92.89,93.04,92.85,0.12%
"Aug 13, 2021",92.52,92.97,93.01,92.47,-0.56%
"Aug 16, 2021",92.63,92.52,92.66,92.48,0.12%
"Aug 17, 2021",93.13,92.62,93.17,92.61,0.54%
"Aug 18, 2021",93.14,93.14,93.26,92.96,0.01%
"Aug 19, 2021",93.57,93.14,93.58,93.14,0.46%
"Aug 20, 2021",93.5,93.56,93.73,93.43,-0.08%
"Aug 23, 2021",92.96,93.46,93.5,92.95,-0.58%
"Aug 24, 2021",92.89,92.99,93.08,92.81,-0.07%
"Aug 25, 2021",92.82,92.88,93.13,92.81,-0.07%
"Aug 26, 2021",93.06,92.83,93.08,92.81,0.26%
"Aug 27, 2021",92.69,93.03,93.18,92.63,-0.40%
"Aug 30, 2021",92.65,92.68,92.79,92.6,-0.04%
"Aug 31, 2021",92.63,92.71,92.75,92.4,-0.03%
"Sep 01, 2021",92.45,92.66,92.79,92.38,-0.19%
"Sep 02, 2021",92.22,92.51,92.54,92.21,-0.24%
"Sep 03, 2021",92.04,92.22,92.26,91.95,-0.21%
"Sep 06, 2021",92.04,92.12,92.31,92.04,0.00%
"Sep 07, 2021",92.51,92.2,92.57,92.1,0.52%
"Sep 08, 2021",92.65,92.54,92.86,92.47,0.15%
"Sep 09, 2021",92.48,92.71,92.76,92.38,-0.19%
"Sep 10, 2021",92.58,92.53,92.65,92.33,0.11%
"Sep 13, 2021",92.68,92.61,92.89,92.57,0.10%
"Sep 14, 2021",92.62,92.62,92.68,92.32,-0.06%
"Sep 15, 2021",92.55,92.68,92.68,92.42,-0.08%
"Sep 16, 2021",92.93,92.46,92.96,92.46,0.41%
"Sep 17, 2021",93.19,92.88,93.25,92.76,0.28%
"Sep 20, 2021",93.28,93.25,93.45,93.18,0.09%
"Sep 21, 2021",93.2,93.24,93.29,93.05,-0.08%
"Sep 22, 2021",93.46,93.22,93.51,92.99,0.28%
"Sep 23, 2021",93.03,93.48,93.52,92.98,-0.46%
"Sep 24, 2021",93.33,93.07,93.42,93.05,0.32%
"Sep 27, 2021",93.38,93.28,93.49,93.21,0.06%
"Sep 28, 2021",93.77,93.41,93.81,93.36,0.41%
"Sep 29, 2021",94.34,93.72,94.43,93.67,0.61%
"Sep 30, 2021",94.23,94.35,94.5,94.11,-0.11%
"Oct 01, 2021",94.04,94.31,94.39,93.99,-0.21%
"Oct 04, 2021",93.78,94.07,94.1,93.68,-0.28%
"Oct 05, 2021",93.97,93.83,94.07,93.81,0.21%
"Oct 06, 2021",94.27,93.99,94.45,93.98,0.31%
"Oct 07, 2021",94.22,94.23,94.28,94.08,-0.05%
"Oct 08, 2021",94.07,94.21,94.34,93.94,-0.16%
"Oct 11, 2021",94.32,94.1,94.4,94.03,0.26%
"Oct 12, 2021",94.52,94.37,94.56,94.23,0.21%
"Oct 13, 2021",94.08,94.52,94.53,94,-0.46%
"Oct 14, 2021",93.96,94.02,94.09,93.76,-0.13%
"Oct 15, 2021",93.94,94.03,94.07,93.85,-0.02%
"Oct 18, 2021",93.95,93.95,94.17,93.87,0.02%
"Oct 19, 2021",93.73,93.95,93.95,93.5,-0.23%
"Oct 20, 2021",93.56,93.81,93.88,93.54,-0.19%
"Oct 21, 2021",93.77,93.58,93.79,93.5,0.23%
"Oct 22, 2021",93.64,93.75,93.79,93.54,-0.14%
"Oct 25, 2021",93.81,93.66,93.96,93.48,0.18%
"Oct 26, 2021",93.95,93.84,94.02,93.71,0.14%
"Oct 27, 2021",93.8,93.97,94.01,93.69,-0.16%
"Oct 28, 2021",93.35,93.88,93.97,93.28,-0.49%
"Oct 29, 2021",94.12,93.36,94.3,93.32,0.83%
"Nov 01, 2021",93.88,94.13,94.31,93.86,-0.26%
"Nov 02, 2021",94.09,93.93,94.13,93.82,0.22%
"Nov 03, 2021",93.86,94.12,94.21,93.82,-0.24%
"Nov 04, 2021",94.35,93.86,94.47,93.82,0.51%
"Nov 05, 2021",94.32,94.34,94.62,94.19,-0.03%
"Nov 08, 2021",94.05,94.25,94.38,93.99,-0.29%
"Nov 09, 2021",93.96,94.09,94.15,93.88,-0.10%
"Nov 10, 2021",94.85,93.98,94.9,93.97,0.95%
"Nov 11, 2021",95.18,94.84,95.2,94.84,0.35%
"Nov 12, 2021",95.13,95.18,95.26,95,-0.05%
"Nov 15, 2021",95.41,95.12,95.6,94.97,0.29%
"Nov 16, 2021",95.92,95.47,95.98,95.4,0.53%
"Nov 17, 2021",95.83,95.94,96.24,95.73,-0.09%
"Nov 18, 2021",95.54,95.8,95.84,95.52,-0.30%
"Nov 19, 2021",96.03,95.58,96.24,95.58,0.51%
"Nov 22, 2021",96.55,96.07,96.55,96.04,0.54%
"Nov 23, 2021",96.49,96.46,96.61,96.31,-0.06%
"Nov 24, 2021",96.88,96.53,96.94,96.43,0.40%
"Nov 25, 2021",96.77,96.81,96.82,96.65,-0.10%
"Nov 26, 2021",96.09,96.72,96.77,95.75,-0.71%
"Nov 29, 2021",96.34,96.07,96.44,96.07,0.26%
"Nov 30, 2021",95.99,96.22,96.64,95.52,-0.36%
"Dec 01, 2021",96.03,95.94,96.14,95.67,0.04%
"Dec 02, 2021",96.16,96.07,96.18,95.83,0.13%
"Dec 03, 2021",96.12,96.12,96.45,95.97,-0.04%
"Dec 06, 2021",96.33,96.15,96.43,96.13,0.22%
"Dec 07, 2021",96.37,96.3,96.59,96.17,0.04%
"Dec 08, 2021",95.89,96.26,96.38,95.85,-0.49%
"Dec 09, 2021",96.27,95.96,96.34,95.96,0.39%
"Dec 10, 2021",96.1,96.21,96.43,95.98,-0.18%
"Dec 13, 2021",96.32,96.05,96.44,96.05,0.23%
"Dec 14, 2021",96.57,96.35,96.59,96.1,0.26%
"Dec 15, 2021",96.51,96.55,96.91,96.3,-0.06%
"Dec 16, 2021",96.04,96.43,96.45,95.85,-0.49%
"Dec 17, 2021",96.57,96,96.69,95.88,0.54%
"Dec 20, 2021",96.55,96.67,96.69,96.33,-0.01%
"Dec 21, 2021",96.49,96.54,96.64,96.34,-0.06%
"Dec 22, 2021",96.08,96.47,96.6,96.02,-0.43%
"Dec 23, 2021",96.02,96.03,96.28,95.99,-0.06%
"Dec 27, 2021",96.09,96.15,96.26,96.05,0.08%
"Dec 28, 2021",96.2,96.07,96.28,96,0.11%
"Dec 29, 2021",95.93,96.15,96.39,95.76,-0.28%
"Dec 30, 2021",95.97,95.89,96.22,95.86,0.04%
"Dec 31, 2021",95.97,95.99,96.11,95.57,0.00%
"Jan 03, 2022",96.21,95.67,96.33,95.63,0.26%
"Jan 04, 2022",96.26,96.19,96.46,96.03,0.05%
"Jan 05, 2022",96.17,96.31,96.33,95.89,-0.09%
"Jan 06, 2022",96.32,96.2,96.39,96.04,0.15%
"Jan 07, 2022",95.72,96.26,96.29,95.71,-0.62%
"Jan 10, 2022",95.99,95.74,96.23,95.74,0.28%
"Jan 11, 2022",95.62,95.93,96.07,95.58,-0.38%
"Jan 12, 2022",94.92,95.58,95.69,94.91,-0.74%
"Jan 13, 2022",94.79,94.99,95.02,94.66,-0.13%
"Jan 14, 2022",95.17,94.87,95.27,94.63,0.40%
"Jan 17, 2022",95.26,95.17,95.35,95.04,0.10%
"Jan 18, 2022",95.73,95.22,95.83,95.13,0.50%
"Jan 19, 2022",95.51,95.77,95.79,95.49,-0.23%
"Jan 20, 2022",95.74,95.59,95.86,95.42,0.24%
"Jan 21, 2022",95.64,95.81,95.84,95.5,-0.10%
"Jan 24, 2022",95.92,95.64,96.13,95.63,0.29%
"Jan 25, 2022",95.95,95.93,96.27,95.9,0.03%
"Jan 26, 2022",96.39,95.96,96.54,95.91,0.46%
"Jan 27, 2022",97.25,96.54,97.29,96.53,0.90%
"Jan 28, 2022",97.27,97.25,97.44,97.06,0.02%
"Jan 31, 2022",96.54,97.22,97.3,96.52,-0.75%
"Feb 01, 2022",96.39,96.7,96.72,96.24,-0.16%
"Feb 02, 2022",95.94,96.27,96.3,95.81,-0.47%
"Feb 03, 2022",95.38,96.02,96.25,95.24,-0.58%
"Feb 04, 2022",95.49,95.31,95.7,95.14,0.11%
"Feb 07, 2022",95.4,95.48,95.63,95.35,-0.09%
"Feb 08, 2022",95.64,95.43,95.75,95.4,0.26%
"Feb 09, 2022",95.49,95.59,95.67,95.38,-0.16%
"Feb 10, 2022",95.55,95.57,96,95.17,0.06%
"Feb 11, 2022",96.08,95.94,96.11,95.64,0.55%
"Feb 14, 2022",96.37,96.03,96.43,95.91,0.30%
"Feb 15, 2022",95.99,96.24,96.29,95.96,-0.40%
"Feb 16, 2022",95.7,96.01,96.06,95.68,-0.30%
"Feb 17, 2022",95.8,95.77,96.11,95.71,0.10%
"Feb 18, 2022",96.04,95.83,96.17,95.73,0.25%
"Feb 21, 2022",96.08,96.11,96.15,95.69,0.04%
"Feb 22, 2022",96.03,96.08,96.26,95.84,-0.06%
"Feb 23, 2022",96.19,96.04,96.24,95.85,0.17%
"Feb 24, 2022",97.14,96.22,97.74,96.22,0.98%
"Feb 25, 2022",96.61,97,97.22,96.52,-0.54%
"Feb 28, 2022",96.71,96.54,97.42,96.54,0.10%
"Mar 01, 2022",97.41,96.76,97.58,96.63,0.73%
"Mar 02, 2022",97.39,97.37,97.83,97.29,-0.02%
"Mar 03, 2022",97.79,97.47,97.95,97.43,0.41%
"Mar 04, 2022",98.65,98.04,98.92,97.84,0.88%
"Mar 07, 2022",99.29,98.51,99.42,98.51,0.65%
"Mar 08, 2022",99.06,99.24,99.32,98.71,-0.23%
"Mar 09, 2022",97.97,99.12,99.12,97.85,-1.10%
"Mar 10, 2022",98.51,98.06,98.6,97.71,0.55%
"Mar 11, 2022",99.12,98.36,99.16,98.27,0.63%
"Mar 14, 2022",99,99.13,99.29,98.68,-0.13%
"Mar 15, 2022",99.1,99.13,99.2,98.64,0.10%
"Mar 16, 2022",98.62,98.89,99.08,98.29,-0.48%
"Mar 17, 2022",97.97,98.5,98.51,97.73,-0.65%
"Mar 18, 2022",98.23,98,98.62,97.84,0.26%
"Mar 21, 2022",98.5,98.24,98.53,98.16,0.27%
"Mar 22, 2022",98.49,98.49,98.96,98.32,-0.01%
"Mar 23, 2022",98.62,98.47,98.88,98.39,0.13%
"Mar 24, 2022",98.79,98.64,98.96,98.6,0.17%
"Mar 25, 2022",98.79,98.75,98.83,98.4,0.00%
"Mar 28, 2022",99.09,98.81,99.37,98.8,0.31%
"Mar 29, 2022",98.4,99.08,99.29,98.04,-0.69%
"Mar 30, 2022",97.79,98.37,98.43,97.68,-0.62%
"Mar 31, 2022",98.31,97.83,98.4,97.69,0.53%
"Apr 01, 2022",98.63,98.33,98.74,98.31,0.33%
"Apr 04, 2022",99,98.57,99.08,98.52,0.37%
"Apr 05, 2022",99.47,99,99.52,98.84,0.48%
"Apr 06, 2022",99.6,99.47,99.77,99.31,0.13%
"Apr 07, 2022",99.75,99.65,99.83,99.4,0.15%
"Apr 08, 2022",99.8,99.82,100.19,99.74,0.05%
"Apr 11, 2022",99.93,99.84,100.05,99.61,0.14%
"Apr 12, 2022",100.29,100.04,100.33,99.74,0.36%
"Apr 13, 2022",99.88,100.34,100.52,99.83,-0.42%
"Apr 14, 2022",100.32,99.79,100.76,99.57,0.45%
"Apr 15, 2022",100.32,100.42,100.57,100.32,0.00%
"Apr 18, 2022",100.78,100.5,100.86,100.46,0.46%
"Apr 19, 2022",100.96,100.83,101.03,100.7,0.18%
"Apr 20, 2022",100.39,100.98,101.04,100.22,-0.57%
"Apr 21, 2022",100.58,100.35,100.64,99.82,0.19%
"Apr 22, 2022",101.22,100.62,101.33,100.47,0.64%
"Apr 25, 2022",101.75,101.12,101.86,101.04,0.53%
"Apr 26, 2022",102.3,101.73,102.36,101.51,0.54%
"Apr 27, 2022",102.95,102.28,103.28,102.22,0.64%
"Apr 28, 2022",103.62,103.04,103.93,102.98,0.65%
"Apr 29, 2022",102.96,103.67,103.67,102.82,-0.64%
"May 02, 2022",103.74,103.21,103.75,103.11,0.76%
"May 03, 2022",103.46,103.6,103.67,103.03,-0.27%
"May 04, 2022",102.59,103.46,103.61,102.46,-0.85%
"May 05, 2022",103.75,102.68,103.94,102.35,1.14%
"May 06, 2022",103.66,103.56,104.06,103.19,-0.09%
"May 09, 2022",103.65,103.66,104.19,103.39,-0.01%
"May 10, 2022",103.92,103.73,103.98,103.5,0.26%
"May 11, 2022",103.85,103.9,104.11,103.37,-0.07%
"May 12, 2022",104.85,104.01,104.93,103.88,0.97%
"May 13, 2022",104.56,104.77,105,104.46,-0.27%
"May 16, 2022",104.19,104.46,104.64,104.14,-0.36%
"May 17, 2022",103.36,104.17,104.23,103.23,-0.79%
"May 18, 2022",103.81,103.34,103.93,103.19,0.44%
"May 19, 2022",102.72,103.83,103.88,102.66,-1.05%
"May 20, 2022",103.15,102.9,103.26,102.77,0.41%
"May 23, 2022",102.08,103.03,103.05,102.04,-1.04%
"May 24, 2022",101.86,102.11,102.32,101.65,-0.21%
"May 25, 2022",102.06,101.77,102.45,101.73,0.20%
"May 26, 2022",101.83,102.02,102.27,101.74,-0.22%
"May 27, 2022",101.67,101.72,101.94,101.43,-0.16%
"May 30, 2022",101.67,101.64,101.72,101.3,0.00%
"May 31, 2022",101.75,101.43,102.17,101.41,0.08%
"Jun 01, 2022",102.5,101.76,102.73,101.74,0.73%
"Jun 02, 2022",101.82,102.55,102.62,101.74,-0.66%
"Jun 03, 2022",102.14,101.75,102.22,101.64,0.31%
"Jun 06, 2022",102.44,102.17,102.47,101.85,0.29%
"Jun 07, 2022",102.32,102.49,102.84,102.26,-0.12%
"Jun 08, 2022",102.54,102.39,102.78,102.27,0.22%
"Jun 09, 2022",103.22,102.56,103.37,102.15,0.66%
"Jun 10, 2022",104.15,103.34,104.23,103.05,0.90%
"Jun 13, 2022",105.08,104.19,105.29,104.21,0.89%
"Jun 14, 2022",105.52,105.19,105.65,104.62,0.42%
"Jun 15, 2022",105.16,105.35,105.79,104.66,-0.34%
"Jun 16, 2022",103.63,104.9,105.49,103.42,-1.45%
"Jun 17, 2022",104.7,103.88,105.08,103.83,1.03%
"Jun 20, 2022",104.7,104.65,104.82,104.23,0.00%
"Jun 21, 2022",104.43,104.44,104.54,103.94,-0.25%
"Jun 22, 2022",104.2,104.43,104.95,103.86,-0.23%
"Jun 23, 2022",104.43,104.21,104.77,104.06,0.22%
"Jun 24, 2022",104.18,104.38,104.51,103.95,-0.24%
"Jun 27, 2022",103.94,104.12,104.21,103.67,-0.24%
"Jun 28, 2022",104.51,103.97,104.61,103.77,0.55%
"Jun 29, 2022",105.11,104.46,105.15,104.36,0.57%
"Jun 30, 2022",104.68,105.06,105.54,104.64,-0.40%
"Jul 01, 2022",105.14,104.78,105.64,104.74,0.43%
"Jul 04, 2022",105.14,105.12,105.25,104.82,0.00%
"Jul 05, 2022",106.54,105.14,106.79,105.05,1.33%
"Jul 06, 2022",107.1,106.49,107.26,106.36,0.53%
"Jul 07, 2022",107.13,107.07,107.24,106.71,0.03%
"Jul 08, 2022",107.01,107.04,107.79,106.81,-0.11%
"Jul 11, 2022",108.02,106.89,108.27,106.92,0.95%
"Jul 12, 2022",108.07,108.18,108.56,107.84,0.05%
"Jul 13, 2022",107.96,108.18,108.58,107.48,-0.11%
"Jul 14, 2022",108.54,108.14,109.29,108.14,0.54%
"Jul 15, 2022",108.06,108.67,108.71,107.91,-0.44%
"Jul 18, 2022",107.37,107.98,108.04,106.89,-0.64%
"Jul 19, 2022",106.68,107.49,107.63,106.4,-0.64%
"Jul 20, 2022",107.08,106.67,107.25,106.39,0.37%
"Jul 21, 2022",106.91,107.08,107.32,106.42,-0.16%
"Jul 22, 2022",106.73,106.59,107.36,106.11,-0.17%
"Jul 25, 2022",106.48,106.54,106.88,106.19,-0.23%
"Jul 26, 2022",107.19,106.45,107.28,106.2,0.66%
"Jul 27, 2022",106.45,107.13,107.43,106.26,-0.69%
"Jul 28, 2022",106.35,106.37,106.97,106.06,-0.09%
"Jul 29, 2022",105.9,106.21,106.66,105.54,-0.42%
"Aug 01, 2022",105.45,105.83,106.03,105.24,-0.43%
"Aug 02, 2022",106.24,105.36,106.35,105.05,0.75%
"Aug 03, 2022",106.51,106.43,106.82,105.97,0.25%
"Aug 04, 2022",105.69,106.48,106.51,105.67,-0.76%
"Aug 05, 2022",106.62,105.72,106.93,105.69,0.88%
"Aug 08, 2022",106.43,106.58,106.8,106.09,-0.17%
"Aug 09, 2022",106.37,106.33,106.41,105.97,-0.06%
"Aug 10, 2022",105.2,106.34,106.4,104.64,-1.11%
"Aug 11, 2022",105.09,105.21,105.46,104.65,-0.10%
"Aug 12, 2022",105.63,105.16,105.88,105.09,0.51%
"Aug 15, 2022",106.55,105.67,106.55,105.55,0.87%
"Aug 16, 2022",106.5,106.48,106.94,106.32,-0.04%
"Aug 17, 2022",106.57,106.45,106.89,106.31,0.07%
"Aug 18, 2022",107.48,106.68,107.56,106.5,0.85%
"Aug 19, 2022",108.17,107.5,108.21,107.47,0.64%
"Aug 22, 2022",109.05,108.1,109.1,108.08,0.81%
"Aug 23, 2022",108.62,109,109.27,108.08,-0.39%
"Aug 24, 2022",108.68,108.52,109.11,108.36,0.05%
"Aug 25, 2022",108.47,108.63,108.69,107.99,-0.19%
"Aug 26, 2022",108.8,108.47,108.87,107.59,0.31%
"Aug 29, 2022",108.83,108.84,109.48,108.49,0.03%
"Aug 30, 2022",108.76,108.65,109.11,108.29,-0.07%
"Aug 31, 2022",108.86,108.76,109.2,108.38,0.09%
"Sep 01, 2022",109.6,108.86,109.98,108.77,0.68%
"Sep 02, 2022",109.61,109.6,109.72,108.93,0.01%
"Sep 04, 2022",110.03,109.61,110.03,109.61,0.38%
"Sep 05, 2022",109.6,110.03,110.27,109.59,-0.39%
"Sep 06, 2022",110.34,109.6,110.55,109.38,0.68%
"Sep 07, 2022",109.69,110.34,110.79,109.53,-0.59%
"Sep 08, 2022",109.52,109.69,110.24,109.33,-0.16%
"Sep 09, 2022",108.97,109.52,109.54,108.36,-0.50%
"Sep 11, 2022",108.76,108.6,108.85,108.57,-0.20%
"Sep 12, 2022",108.22,108.76,108.86,107.81,-0.49%
"Sep 13, 2022",109.83,108.22,110.01,107.68,1.49%
"Sep 14, 2022",109.6,109.83,109.93,109.28,-0.21%
"Sep 15, 2022",109.8,109.6,109.92,109.42,0.19%
"Sep 16, 2022",109.64,109.8,110.26,109.48,-0.14%
"Sep 18, 2022",109.55,109.64,109.74,109.5,-0.08%
"Sep 19, 2022",109.54,109.55,110.18,109.49,-0.01%
"Sep 20, 2022",110.12,109.54,110.23,109.36,0.53%
