Dates,Crude Oil Production,Dry Natural Gas Production,Coal Production,Total Energy Production (qBtu),Liquid Fuels Consumption,Natural Gas Consumption,Coal Consumption,Electricity Consumption,Renewables Consumption,Total Energy Consumption (qBtu),Crude Oil ($/barrel),Natural Gas ($/mBtu) ,Coal ($/mBtu),Real Gross Domestic Product (Trillions),RGDP Percent change YOY (%),GDP Implicit Price Deflator,GDP IPD Percent change YOY (%),Real Disposable Personal Income,RDPI Percent change YOY (%),Manufacturing Production Index,MPI Percent change YOY (%)
3/1/2015,9.58,74.14,81,6.1,19.35,83.59,64,10.21,0.58,8.17,47.82,2.83,2.26,18.667,4,96.7,0.9,13811,4.5,100.3,0
4/1/2015,9.66,75.21,75,5.99,19.26,66.93,53,9.54,0.57,7.2,54.45,2.61,2.23,18.782,3.3,97.3,1,13842,4.3,100.2,0
5/1/2015,9.47,74.12,70,5.79,19.32,59.94,62,9.65,0.58,7.39,59.27,2.85,2.26,18.782,3.3,97.3,1,13866,4.2,100.2,-0.3
6/1/2015,9.36,73.95,67,5.69,19.85,63.33,74,11.28,0.57,7.66,59.82,2.78,2.25,18.782,3.3,97.3,1,13874,3.8,99.9,-1
7/1/2015,9.44,74.19,76,5.95,20.12,66.7,81,12.13,0.59,8.19,50.9,2.84,2.21,18.857,2.4,97.5,0.8,13906,3.9,100.6,-0.8
8/1/2015,9.41,74.27,83,6.13,19.93,66.22,79,12.09,0.58,8.09,42.87,2.77,2.23,18.857,2.4,97.5,0.8,13936,3.6,100.3,-0.5
9/1/2015,9.48,74.74,78,6.02,19.44,63.38,69,11.5,0.55,7.48,45.48,2.66,2.22,18.857,2.4,97.5,0.8,13972,3.6,100,-0.8
10/1/2015,9.4,74.19,76,5.94,19.47,64.11,58,9.92,0.56,7.39,46.22,2.34,2.15,18.892,2.1,97.5,0.8,13997,3.3,99.9,-0.9
11/1/2015,9.33,73.88,69,5.73,19.11,74.97,54,9.59,0.57,7.42,42.44,2.09,2.15,18.892,2.1,97.5,0.8,13993,2.7,99.6,-1.8
12/1/2015,9.27,73.89,63,5.57,19.6,83.49,55,9.99,0.6,8.09,37.19,1.93,2.16,18.892,2.1,97.5,0.8,14060,2.5,99.3,-1.9
1/1/2016,9.2,73.56,61,5.49,19.06,99.73,67,10.74,0.58,8.78,31.68,2.28,2.12,19.002,1.8,97.5,0.8,14121,2.3,99.8,-0.9
2/1/2016,9.06,74.6,57,5.4,19.84,91.46,55,10.62,0.57,7.94,30.32,1.99,2.11,19.002,1.8,97.5,0.8,14135,2.1,99.4,-0.5
3/1/2016,9.1,73.76,55,5.32,19.75,76.01,45,9.59,0.62,7.66,37.55,1.73,2.17,19.002,1.8,97.5,0.8,14135,2.3,99.4,-0.9
4/1/2016,8.87,73.71,48,5.1,19.35,69.46,43,9.35,0.58,7.14,40.75,1.92,2.16,19.063,1.5,98.1,0.8,14106,1.9,99.2,-1
5/1/2016,8.83,72.87,53,5.2,19.33,63.41,49,9.55,0.61,7.28,46.71,1.92,2.16,19.063,1.5,98.1,0.8,14096,1.7,99.1,-1.1
6/1/2016,8.68,72.17,60,5.33,19.83,66.69,68,11.39,0.59,7.66,48.76,2.59,2.1,19.063,1.5,98.1,0.8,14105,1.7,99.4,-0.5
7/1/2016,8.66,72.76,62,5.4,19.75,70.54,79,12.41,0.61,8.19,44.65,2.82,2.11,19.198,1.8,98.4,0.9,14160,1.8,99.4,-1.1
8/1/2016,8.69,72.18,68,5.54,20.26,71.24,78,12.71,0.59,8.3,44.72,2.82,2.11,19.198,1.8,98.4,0.9,14177,1.7,99.1,-1.2
9/1/2016,8.54,71.7,65,5.42,19.77,64.93,67,11.61,0.56,7.51,45.18,2.99,2.12,19.198,1.8,98.4,0.9,14209,1.7,99.3,-0.7
10/1/2016,8.8,71.42,69,5.57,19.68,62.1,59,9.94,0.58,7.39,49.77,2.98,2.07,19.304,2.2,98.9,1.4,14235,1.7,99.4,-0.5
11/1/2016,8.9,72.02,67,5.55,19.69,71.98,53,9.62,0.58,7.46,45.66,2.55,2.08,19.304,2.2,98.9,1.4,14274,2,99.4,-0.2
12/1/2016,8.82,71.21,63,5.4,19.99,92.46,70,10.4,0.64,8.78,51.97,3.59,2.08,19.304,2.2,98.9,1.4,14314,1.8,99.4,0.1
1/1/2017,8.87,70.56,68,5.52,19.29,93.99,68,10.65,0.61,8.67,52.5,3.3,2.09,19.398,2.1,99.4,2,14374,1.8,99.6,-0.2
2/1/2017,9.09,71.55,64,5.49,19.15,83.58,52,10.24,0.56,7.32,53.47,2.85,2.06,19.398,2.1,99.4,2,14417,2,99.5,0.1
3/1/2017,9.16,73.17,64,5.55,20.06,81.4,53,9.78,0.65,8.06,49.33,2.88,2.07,19.398,2.1,99.4,2,14476,2.4,99.2,-0.2
4/1/2017,9.1,73.26,59,5.41,19.62,64.4,49,9.47,0.63,7.09,51.06,3.1,2.08,19.507,2.3,99.7,1.6,14509,2.9,100.3,1.1
5/1/2017,9.19,73.26,62,5.51,20.05,61.03,55,9.78,0.66,7.42,48.48,3.15,2.09,19.507,2.3,99.7,1.6,14611,3.7,100.1,1
6/1/2017,9.11,73.97,66,5.62,20.57,63.68,63,11.35,0.64,7.61,45.18,2.98,2.07,19.507,2.3,99.7,1.6,14619,3.6,100.2,0.8
7/1/2017,9.25,74.73,63,5.59,20.13,69.08,74,12.27,0.62,8.12,46.63,2.98,2.06,19.661,2.4,100.2,1.8,14660,3.5,99.8,0.4
8/1/2017,9.25,74.69,71,5.8,20.27,67.54,70,12.03,0.61,8.03,48.04,2.9,2.05,19.661,2.4,100.2,1.8,14678,3.5,99.6,0.5
9/1/2017,9.52,75.99,63,5.68,19.63,64.02,59,11.1,0.58,7.35,49.82,2.98,2.02,19.661,2.4,100.2,1.8,14706,3.5,99.6,0.3
10/1/2017,9.67,77.34,66,5.82,19.97,65.53,54,10.03,0.61,7.52,51.58,2.88,2.03,19.882,3,100.8,1.9,14749,3.6,100.7,1.3
11/1/2017,10.08,79.75,64,5.92,20.31,78.58,55,9.83,0.6,7.82,56.64,3.01,2.04,19.882,3,100.8,1.9,14771,3.5,100.8,1.5
12/1/2017,9.98,80.38,63,5.89,20.32,99.55,63,10.47,0.62,8.9,57.88,2.82,2.04,19.882,3,100.8,1.9,14798,3.4,100.6,1.2
1/1/2018,10,78.74,62,5.82,20.56,107.77,69,11.51,0.63,9.34,63.7,3.69,2.06,20.044,3.3,101.4,2.1,14887,3.6,100.1,0.6
2/1/2018,10.26,80.39,60,5.86,19.69,96.81,50,10.85,0.58,7.75,62.23,2.67,2.07,20.044,3.3,101.4,2.1,14921,3.5,101.2,1.7
3/1/2018,10.47,81.33,66,6.09,20.73,90.22,49,9.95,0.65,8.36,62.73,2.69,2.04,20.044,3.3,101.4,2.1,14975,3.4,101.1,2
4/1/2018,10.5,81.19,58,5.88,20.04,78.35,45,9.65,0.64,7.52,66.25,2.8,2.07,20.15,3.3,102.1,2.5,15007,3.4,101.8,1.5
5/1/2018,10.43,82.12,61,5.97,20.25,66.29,52,10.16,0.68,7.61,69.98,2.8,2.04,20.15,3.3,102.1,2.5,15058,3.1,101,0.8
6/1/2018,10.64,82.54,62,6.05,20.77,68.77,60,11.67,0.65,7.78,67.87,2.97,2.04,20.15,3.3,102.1,2.5,15119,3.4,101.7,1.5
7/1/2018,10.9,84.18,63,6.17,20.67,75.83,68,12.52,0.63,8.31,70.98,2.83,2.05,20.276,3.1,102.6,2.4,15185,3.6,101.7,1.9
8/1/2018,11.39,85.88,69,6.47,21.36,74.64,68,12.72,0.64,8.39,68.06,2.96,2.06,20.276,3.1,102.6,2.4,15239,3.8,102,2.4
9/1/2018,11.44,87.29,62,6.34,20.08,71.87,58,11.64,0.58,7.59,70.23,3,2.05,20.276,3.1,102.6,2.4,15238,3.6,102,2.4
10/1/2018,11.51,88.4,67,6.51,20.79,73.74,53,10.35,0.61,7.81,70.75,3.28,2.04,20.305,2.1,103,2.2,15274,3.6,101.6,0.8
11/1/2018,11.89,89.94,63,6.52,20.77,90.53,56,10.08,0.6,8.23,56.96,4.09,2.06,20.305,2.1,103,2.2,15315,3.7,101.3,0.5
12/1/2018,11.94,89.5,63,6.52,20.33,96.76,60,10.47,0.63,8.72,49.52,4.04,2.11,20.305,2.1,103,2.2,15507,4.8,101.6,1.1
1/1/2019,11.87,89.25,66,6.58,20.61,110.46,60,11,0.62,9.24,51.38,3.11,2.1,20.415,1.9,103.4,1.9,15502,4.1,100.8,0.6
2/1/2019,11.65,89.86,58,6.35,20.28,107.83,49,10.96,0.58,8.1,54.95,2.69,2.07,20.415,1.9,103.4,1.9,15554,4.2,100.2,-0.9
3/1/2019,11.91,90.27,56,6.35,20.18,94.45,48,10.12,0.65,8.37,58.15,2.95,2.08,20.415,1.9,103.4,1.9,15569,4,99.9,-1.1
4/1/2019,12.14,90.71,61,6.54,20.33,73.75,37,9.49,0.65,7.3,63.86,2.65,2.07,20.585,2.2,103.9,1.7,15524,3.4,99.3,-2.5
5/1/2019,12.15,91.4,62,6.59,20.39,68.84,44,9.94,0.68,7.57,60.83,2.64,2.05,20.585,2.2,103.9,1.7,15520,3.1,99.4,-1.6
6/1/2019,12.22,91.65,57,6.48,20.65,70.64,48,11.11,0.65,7.57,54.66,2.4,2.03,20.585,2.2,103.9,1.7,15546,2.8,99.8,-1.9
7/1/2019,11.9,92.16,59,6.49,20.73,77.22,60,12.54,0.65,8.23,57.35,2.37,2.02,20.818,2.7,104.2,1.6,15566,2.5,99.1,-2.5
8/1/2019,12.48,94.4,64,6.79,21.16,78.51,56,12.43,0.64,8.26,54.8,2.22,2,20.818,2.7,104.2,1.6,15654,2.7,99.8,-2.2
9/1/2019,12.58,94.76,59,6.69,20.25,73.54,51,11.75,0.6,7.57,56.95,2.56,1.96,20.818,2.7,104.2,1.6,15691,3,99.1,-2.8
10/1/2019,12.8,95.59,58,6.73,20.71,74.4,42,10.32,0.63,7.63,53.96,2.33,1.96,20.951,3.2,104.6,1.5,15718,2.9,98.2,-3.3
11/1/2019,13,97.16,54,6.71,20.74,92.79,46,9.92,0.61,8.11,57.03,2.65,1.96,20.951,3.2,104.6,1.5,15778,3,99.1,-2.1
12/1/2019,12.98,97.05,53,6.67,20.44,102.28,45,10.4,0.63,8.65,59.88,2.22,1.91,20.951,3.2,104.6,1.5,15685,1.1,99.2,-2.4
1/1/2020,12.85,97.37,56,6.74,19.93,107.33,41,10.59,0.63,8.65,57.52,2.02,1.94,20.666,1.2,105,1.6,15853,2.3,98.9,-1.8
2/1/2020,12.84,95.5,47,6.44,20.13,105.6,36,10.57,0.62,8.02,50.54,1.91,1.9,20.666,1.2,105,1.6,15918,2.3,99.1,-1.1
3/1/2020,12.8,95.25,46,6.4,18.46,87.92,33,9.73,0.61,7.54,29.21,1.79,1.93,20.666,1.2,105,1.6,15696,0.8,94.6,-5.3
4/1/2020,11.91,95.02,39,6.06,14.55,75.45,27,9.1,0.55,6.16,16.55,1.74,1.92,19.035,-7.5,104.7,0.8,18020,16.1,79.9,-19.5
5/1/2020,9.71,87.87,37,5.4,16.08,66.99,30,9.21,0.62,6.43,28.56,1.75,1.89,19.035,-7.5,104.7,0.8,17105,10.2,83.5,-16
6/1/2020,10.45,90.4,40,5.68,17.58,71.14,40,11.05,0.64,6.88,38.31,1.63,1.9,19.035,-7.5,104.7,0.8,17035,9.6,90,-9.8
7/1/2020,11,90.34,43,5.86,18.38,79.62,53,12.63,0.62,7.71,40.71,1.77,1.91,20.512,-1.5,105.6,1.3,17193,10.5,93.3,-5.9
8/1/2020,10.58,90.39,48,5.92,18.56,77.56,54,12.29,0.61,7.68,42.34,2.3,1.94,20.512,-1.5,105.6,1.3,16526,5.6,94.5,-5.3
9/1/2020,10.93,91.29,45,5.93,18.41,71.9,42,11.12,0.57,7.01,39.63,1.92,1.94,20.512,-1.5,105.6,1.3,16608,5.8,94.5,-4.7
10/1/2020,10.46,89.71,45,5.8,18.61,74.86,37,9.93,0.59,7.16,39.4,2.39,1.91,20.724,-1.1,106.3,1.7,16562,5.4,95.2,-3.1
11/1/2020,11.2,92.5,44,5.98,18.74,81.55,38,9.61,0.61,7.24,40.94,2.61,1.91,20.724,-1.1,106.3,1.7,16368,3.7,95.8,-3.3
12/1/2020,11.17,93.11,45,6.02,18.8,102.84,47,10.56,0.62,8.38,47.02,2.59,1.92,20.724,-1.1,106.3,1.7,16406,4.6,96.4,-2.7
1/1/2021,11.14,92.64,48,6.08,18.81,107.59,49,10.77,0.61,8.58,52,2.71,1.9,20.991,1.6,107.7,2.6,18107,14.2,97.5,-1.4
2/1/2021,9.92,85.78,41,5.47,17.7,110.56,52,11.06,0.55,7.83,59.04,5.35,1.93,20.991,1.6,107.7,2.6,16605,4.3,93.5,-5.7
3/1/2021,11.35,93.55,51,6.23,19.13,85.16,38,9.88,0.67,7.7,62.33,2.62,1.89,20.991,1.6,107.7,2.6,20423,30.1,96.4,1.9
4/1/2021,11.32,94.29,45,6.09,19.74,75.72,34,9.44,0.64,7.12,61.72,2.66,1.9,21.31,12,109.3,4.5,17317,-3.9,96.6,20.8
5/1/2021,11.39,94.21,49,6.2,20.05,68.27,39,9.71,0.68,7.31,65.17,2.91,1.89,21.31,12,109.3,4.5,16819,-1.7,97.7,17
6/1/2021,11.37,93.87,49,6.19,20.59,74.73,52,11.67,0.64,7.67,71.38,3.26,1.95,21.31,12,109.3,4.5,16736,-1.8,97.7,8.5
7/1/2021,11.39,94.76,48,6.19,20.17,77.99,60,12.47,0.64,8.07,72.49,3.84,2.01,21.483,4.7,111,5.1,16836,-2.1,98.7,5.8
8/1/2021,11.28,95.04,50,6.24,20.57,78.59,60,12.7,0.64,8.16,67.73,4.07,2.06,21.483,4.7,111,5.1,16792,1.6,98.3,4
9/1/2021,10.92,95.69,50,6.19,20.14,71.27,48,11.59,0.61,7.38,71.65,5.16,2.01,21.483,4.7,111,5.1,16564,-0.3,97.4,3.1
10/1/2021,11.56,97.21,49,6.33,20.38,72.88,39,10.12,0.64,7.42,81.48,5.51,2.03,21.848,5.4,112.9,6.1,16547,-0.1,98.8,3.7
11/1/2021,11.78,98.3,49,6.4,20.57,89.5,37,9.96,0.64,7.77,79.15,5.05,2.04,21.848,5.4,112.9,6.1,16500,0.8,99.6,4
12/1/2021,11.68,99.13,49,6.41,20.66,97.04,38,10.31,0.68,8.35,71.71,3.76,2.07,21.848,5.4,112.9,6.1,16419,0.1,99.6,3.3
1/1/2022,11.48,96.22,50,6.31,19.61,115.91,53,11.32,0.67,9.04,83.22,4.38,2.2,21.739,3.6,115.2,6.9,16081,-11.2,99.1,1.6
2/1/2022,11.26,95.97,48,6.21,20.19,109.25,44,11.31,0.63,7.99,91.64,4.69,2.17,21.739,3.6,115.2,6.9,16093,-3.1,100.2,7.2
3/1/2022,11.81,97.63,52,6.46,20.48,89.7,38,10.19,0.71,8.04,108.5,4.9,2.15,21.739,3.6,115.2,6.9,16028,-21.5,101,4.8
4/1/2022,11.77,98.32,46,6.32,19.73,78.68,35,9.86,0.7,7.24,101.78,6.59,2.18,21.708,1.9,117.7,7.7,16043,-7.4,101.2,4.8
5/1/2022,11.73,99.1,50,6.44,19.84,72.3,39,10.36,0.72,7.43,109.55,8.14,2.23,21.708,1.9,117.7,7.7,16023,-4.7,100.9,3.3
6/1/2022,11.8,99.34,49,6.43,20.43,77.23,45,11.96,0.71,7.64,114.84,7.7,2.32,21.708,1.9,117.7,7.7,15963,-4.6,100.5,2.9
7/1/2022,11.83,100.38,49,6.47,19.93,83.32,53,12.96,0.69,8.1,101.62,7.28,2.47,21.851,1.7,119,7.2,16109,-4.3,100.7,2.1
8/1/2022,11.99,100.9,54,6.65,20.27,82.56,52,12.97,0.66,8.11,93.67,8.8,2.51,21.851,1.7,119,7.2,16161,-3.8,100.9,2.7
9/1/2022,12.33,102.35,52,6.7,20.13,76.27,41,11.73,0.62,7.39,84.26,7.88,2.51,21.851,1.7,119,7.2,16185,-2.3,101.1,3.8
10/1/2022,12.38,102.25,51,6.68,20.01,76.25,35,9.95,0.65,7.38,87.55,5.66,2.46,21.99,0.7,120.1,6.4,16224,-2,101.2,2.5
11/1/2022,12.38,102.24,49,6.62,20.21,92.23,36,10.13,0.66,7.8,84.37,5.45,2.48,21.99,0.7,120.1,6.4,16230,-1.6,100.5,0.8
12/1/2022,12.14,100.24,46,6.44,19.33,108.9,45,10.95,0.66,8.64,76.44,5.53,2.65,21.99,0.7,120.1,6.4,16265,-0.9,98.3,-1.3
1/1/2023,12.57,101.9,51,6.7,19.15,106.54,39,10.77,0.68,8.44,78.12,3.27,2.59,22.112,1.7,121.3,5.3,16602,3.2,99.9,0.9
2/1/2023,12.53,101.98,46,6.56,19.76,105.3,30,10.77,0.64,7.57,76.83,2.38,2.6,22.112,1.7,121.3,5.3,16656,3.5,100.3,0
3/1/2023,12.77,102.88,52,6.79,20.08,97.13,32,10.24,0.72,8.1,73.28,2.31,2.51,22.112,1.7,121.3,5.3,16730,4.4,99.5,-1.5
4/1/2023,12.65,102.65,47,6.63,20.04,80.75,26,9.68,0.69,7.17,79.45,2.16,2.48,22.225,2.4,121.8,3.5,16764,4.5,100.5,-0.7
5/1/2023,12.69,103.56,48,6.69,20.4,74.74,29,9.96,0.73,7.36,71.58,2.15,2.51,22.225,2.4,121.8,3.5,16819,5,100.4,-0.5
6/1/2023,12.89,103.25,47,6.69,20.72,78.59,37,11.32,0.68,7.48,70.25,2.18,2.47,22.225,2.4,121.8,3.5,16810,5.3,99.7,-0.8
7/1/2023,12.93,103.38,47,6.7,20.12,86.02,48,12.81,0.69,8.09,76.07,2.55,2.49,22.506,3,122.9,3.3,16797,4.3,100,-0.7
8/1/2023,13.04,104.52,51,6.86,20.88,86.29,47,12.98,0.7,8.23,81.39,2.58,2.5,22.506,3,122.9,3.3,16800,3.9,100.1,-0.9
9/1/2023,13.25,104.59,49,6.85,20.09,78.98,38,11.82,0.65,7.41,89.43,2.64,2.53,22.506,3,122.9,3.3,16805,3.8,100.3,-0.9
10/1/2023,13.25,104.52,49,6.85,20.68,78.77,33,10.21,0.69,7.36,85.64,2.98,2.54,22.542,2.5,123.3,2.6,16849,3.9,99.6,-1.7
11/1/2023,13.18,104.64,49,6.84,20.11,93.75,31,10.16,0.69,7.79,77.69,2.71,2.53,22.56,2.6,123.5,2.8,16908,4.2,99.8,-0.6
12/1/2023,13.23,104.66,47,6.8,20.06,100.77,34,10.79,0.71,8.29,71.9,2.52,2.53,22.58,2.7,123.7,3,16908,3.9,100,1.7
1/1/2024,13.27,104.86,47,6.81,20.28,114.96,37,11.14,0.72,8.85,76.5,2.74,2.53,22.604,2.2,123.9,2.2,17107,3,100.4,0.4
2/1/2024,13.27,105.11,40,6.63,20.35,108.06,30,11.19,0.71,8.02,78.5,2.6,2.52,22.621,2.3,124.2,2.4,17107,2.7,100.5,0.2
3/1/2024,13.26,105.19,45,6.77,20.41,92.63,30,10.35,0.78,8.02,80.5,2.59,2.51,22.636,2.4,124.4,2.6,17107,2.3,100.6,1.1
4/1/2024,13.25,105.14,39,6.6,20.33,79.11,22,9.79,0.76,7.17,80.5,2.26,2.51,22.639,1.9,124.7,2.4,17197,2.6,100.5,0
5/1/2024,13.23,105.02,39,6.6,20.43,74.56,26,10.2,0.78,7.4,79.5,2.15,2.51,22.654,1.9,125,2.6,17197,2.2,100.5,0.1
6/1/2024,13.17,104.74,38,6.55,20.7,79.65,34,11.88,0.76,7.59,78.5,2.26,2.49,22.672,2,125.2,2.8,17197,2.3,100.5,0.8
7/1/2024,13.13,104.89,40,6.6,20.53,86.99,44,13.21,0.77,8.2,77.5,2.53,2.49,22.693,0.8,125.4,2.1,17329,3.2,100.5,0.5
8/1/2024,13.2,104.64,44,6.71,20.94,85.65,44,13.25,0.76,8.21,77.5,2.69,2.49,22.716,0.9,125.6,2.3,17329,3.1,100.6,0.5
9/1/2024,13.12,104.38,40,6.58,20.13,78.78,34,11.95,0.71,7.38,77.5,2.81,2.47,22.742,1,125.9,2.5,17329,3.1,100.7,0.4
10/1/2024,13.13,104.98,41,6.63,20.46,78.96,27,10.34,0.73,7.44,76.5,2.86,2.44,22.775,1,126.1,2.3,17447,3.6,100.9,1.3
11/1/2024,13.23,105.5,38,6.59,20.4,92.09,27,10.25,0.73,7.67,76.5,3.09,2.44,22.801,1.1,126.4,2.4,17447,3.2,101,1.2
12/1/2024,13.26,106,38,6.61,20.39,107.47,36,11.06,0.75,8.63,76.5,3.33,2.44,22.825,1.1,126.7,2.4,17447,3.2,101.1,1.2
1/1/2025,13.29,106.29,39,6.65,20.1,112.32,38,11.2,0.75,8.8,76.5,3.32,2.46,22.844,1.1,127,2.5,17580,2.8,101.2,0.9
2/1/2025,13.39,106.61,34,6.54,20.27,105.4,31,11.21,0.73,7.73,76.5,2.78,2.45,22.868,1.1,127.2,2.5,17580,2.8,101.3,0.8
3/1/2025,13.4,106.79,38,6.66,20.45,93.76,24,10.4,0.82,7.97,76.5,2.69,2.45,22.892,1.1,127.5,2.5,17580,2.8,101.4,0.9
4/1/2025,13.42,106.85,33,6.53,20.32,78.37,20,9.85,0.8,7.13,75.5,2.46,2.45,22.918,1.2,127.7,2.4,17716,3,101.5,1.1
5/1/2025,13.46,106.74,34,6.56,20.39,74.64,23,10.26,0.83,7.36,75.5,2.6,2.45,22.944,1.3,127.9,2.3,17716,3,101.7,1.2
6/1/2025,13.45,106.5,34,6.55,20.77,79.55,33,11.94,0.81,7.58,75.5,2.87,2.44,22.97,1.3,128.1,2.3,17716,3,101.8,1.3
7/1/2025,13.44,106.26,35,6.57,20.57,86.64,42,13.28,0.82,8.17,74.5,2.98,2.44,22.998,1.3,128.2,2.2,17835,2.9,101.9,1.4
8/1/2025,13.46,106.04,40,6.7,20.88,86.16,41,13.32,0.8,8.17,74.5,2.96,2.45,23.026,1.4,128.4,2.2,17835,2.9,102,1.4
9/1/2025,13.4,105.89,36,6.58,20.21,79.53,30,12.01,0.75,7.36,74.5,3.05,2.43,23.054,1.4,128.6,2.2,17835,2.9,102.1,1.5
10/1/2025,13.45,105.96,37,6.61,20.54,78.97,24,10.39,0.77,7.43,73.5,3.06,2.41,23.083,1.4,128.9,2.2,17926,2.7,102.3,1.4
11/1/2025,13.56,106.21,35,6.59,20.43,92.53,24,10.29,0.77,7.65,73.5,3.18,2.4,23.112,1.4,129.1,2.1,17926,2.7,102.5,1.5
12/1/2025,13.59,106.46,34,6.57,20.57,108.64,33,11.1,0.79,8.64,73.5,3.42,2.4,23.143,1.4,129.3,2.1,17926,2.7,102.7,1.5
